author,title,copies
http://www.connaissance.io/onto/biblio/authors#Frederick_Copleston,A History of Philosophy,3
http://www.connaissance.io/onto/biblio/authors#Jane_English,Tao Te Ching,3
http://www.connaissance.io/onto/biblio/authors#AA_Milne,Winnie the Pooh,2
http://www.connaissance.io/onto/biblio/authors#Alan_Duff,Once Were Warriors,2
http://www.connaissance.io/onto/biblio/authors#Ardythe_Ashley,In the Country of the Great King,2
http://www.connaissance.io/onto/biblio/authors#Arundhati_Roy,The God of Small Things,2
http://www.connaissance.io/onto/biblio/authors#Barbara_Kingsolver,Poisonwood Bible,2
http://www.connaissance.io/onto/biblio/authors#Carl_Bode,Selected Journals of Henry David Thoreau,2
http://www.connaissance.io/onto/biblio/authors#Edward_Abbey,The Monkey Wrench Gang,2
http://www.connaissance.io/onto/biblio/authors#Frances_Moore_Lappe,Diet for a Small Planet,2
http://www.connaissance.io/onto/biblio/authors#Frederic_Sonnenschmidt,The Professional Chef's Art of Garde Manger,2
http://www.connaissance.io/onto/biblio/authors#Giafu_Feng,Tao Te Ching,2
http://www.connaissance.io/onto/biblio/authors#Hunter_S_Thompson,Fear and loathing : on the campaign trail '72,2
http://www.connaissance.io/onto/biblio/authors#Hunter_S_Thompson,Hell's Angels : a strange and terrible saga,2
http://www.connaissance.io/onto/biblio/authors#JD_Salinger,The Catcher in the Rye,2
http://www.connaissance.io/onto/biblio/authors#Jingxiong_Wu,Tao Te Ching,2
http://www.connaissance.io/onto/biblio/authors#Jostein_Gaarder,Sophie's world : a novel about the history of philosophy,2
http://www.connaissance.io/onto/biblio/authors#Lois-Ann_Yamanaka,Wild Meat and the Bully Burgers : [a novel],2
http://www.connaissance.io/onto/biblio/authors#Sharon_Tyler_Herbst,The New Food Lover's Companion,2
http://www.connaissance.io/onto/biblio/authors#Terry_Farish,A House in Earnest : a novel,2
http://www.connaissance.io/onto/biblio/authors#Tom_Robbins,Another Roadside Attraction,2
http://www.connaissance.io/onto/biblio/authors#Troy_Soos,Murder at Wrigley Field,2
http://www.connaissance.io/onto/biblio/authors#AA_Milne,The House at Pooh Corner,1
http://www.connaissance.io/onto/biblio/authors#AC_Bhaktivedanta_Swami,The Higher Taste : a guide to gourmet vegetarian cooking and a karma-free diet,1
http://www.connaissance.io/onto/biblio/authors#AJ_Verdelle,The Good Negress,1
http://www.connaissance.io/onto/biblio/authors#AMA,The American Medical Association guide to your family's symptoms,1
http://www.connaissance.io/onto/biblio/authors#APA_PRess,The Pacific Northwest,1
http://www.connaissance.io/onto/biblio/authors#AS_Byatt,Possession : a romance,1
http://www.connaissance.io/onto/biblio/authors#AS_Byatt,Still Life,1
http://www.connaissance.io/onto/biblio/authors#AS_Byatt,The Virgin in the Garden,1
http://www.connaissance.io/onto/biblio/authors#ATT,Process Quality Managment & Improvement Guidelines,1
http://www.connaissance.io/onto/biblio/authors#A_Vogel,Nature - Your Guide to Healthy Living,1
http://www.connaissance.io/onto/biblio/authors#Adam_Kadmon,The guitar grimoire : progressions & improvisation,1
http://www.connaissance.io/onto/biblio/authors#Adelle_Davis,Let's Cook It Right,1
http://www.connaissance.io/onto/biblio/authors#Adriana_Trigiani,Big Stone Gap : a novel,1
http://www.connaissance.io/onto/biblio/authors#Al_Di_Meola,"Guide to Chords, Scales, & Arpeggios",1
http://www.connaissance.io/onto/biblio/authors#Alafair_Burke,Close Case,1
http://www.connaissance.io/onto/biblio/authors#Alafair_Burke,Judgment Calls,1
http://www.connaissance.io/onto/biblio/authors#Alan_Davidson,The Oxford Companion to Food,1
http://www.connaissance.io/onto/biblio/authors#Alan_Watts,"Cloud-hidden, whereabouts unknown; a mountain journal",1
http://www.connaissance.io/onto/biblio/authors#Alan_Watts,"Nature, man, and woman",1
http://www.connaissance.io/onto/biblio/authors#Alan_Watts,The Way of Zen,1
http://www.connaissance.io/onto/biblio/authors#Alan_Watts,The book; on the taboo against knowing who you are,1
http://www.connaissance.io/onto/biblio/authors#Albert_Camus,L'étranger,1
http://www.connaissance.io/onto/biblio/authors#Albert_Camus,The Fall,1
http://www.connaissance.io/onto/biblio/authors#Albert_Einstein,The World As I See It: Out of My Later Years,1
http://www.connaissance.io/onto/biblio/authors#Aldo_Leopold,A Sand County Almanac,1
http://www.connaissance.io/onto/biblio/authors#Aldo_Leopold,A sand county almanac : with essays on conservation from Round River,1
http://www.connaissance.io/onto/biblio/authors#Aldous_Huxley,Brave New World,1
http://www.connaissance.io/onto/biblio/authors#Aldous_Huxley,Island,1
http://www.connaissance.io/onto/biblio/authors#Aldous_Huxley,The Doors of Perception,1
http://www.connaissance.io/onto/biblio/authors#Alexander_McCall_Smith,44 Scotland Street,1
http://www.connaissance.io/onto/biblio/authors#Alfalfas,Wild World of Bulk ; Buying and Preparing Bulk Foods,1
http://www.connaissance.io/onto/biblio/authors#Alfredo_Vea,Gods Go Begging,1
http://www.connaissance.io/onto/biblio/authors#Alice_Hoffman,Practical Magic,1
http://www.connaissance.io/onto/biblio/authors#Alicia_Bay_Laurel,Living on the Earth,1
http://www.connaissance.io/onto/biblio/authors#Allan_Hunt_Badiner,Dharma gaia : a harvest of essays in buddhism and ecology,1
http://www.connaissance.io/onto/biblio/authors#Americas_Test_Kitchen,"Cook's Country, 2005",1
http://www.connaissance.io/onto/biblio/authors#Americas_Test_Kitchen,"Cook's Country, 2006",1
http://www.connaissance.io/onto/biblio/authors#Ana_Castillo,So Far From God,1
http://www.connaissance.io/onto/biblio/authors#Andre_Dubus,Bluesman,1
http://www.connaissance.io/onto/biblio/authors#Andre_Dubus,House of Sand and Fog,1
http://www.connaissance.io/onto/biblio/authors#Andrea_Barrett,The Forms of Water,1
http://www.connaissance.io/onto/biblio/authors#Andrea_Dodi,Cucina leggera : light & healthy recipes from northern Italy,1
http://www.connaissance.io/onto/biblio/authors#Andres_Segovia,Diatonic Major and Minor Scales,1
http://www.connaissance.io/onto/biblio/authors#Andrew_Boyd,Daily afflictions : the agony of being connected to everything in the universe,1
http://www.connaissance.io/onto/biblio/authors#Angelo_Pellegrini,Vintage Pellegrini : the collected wisdom of an American buongustaio : writings,1
http://www.connaissance.io/onto/biblio/authors#Anita_Shreve,The Pilot's Wife,1
http://www.connaissance.io/onto/biblio/authors#Ann_Patchett,The Magician's Assistant,1
http://www.connaissance.io/onto/biblio/authors#Anna_Thomas,The Vegetarian Epicure,1
http://www.connaissance.io/onto/biblio/authors#Anna_Thomas,The Vegetarian Epicure: Book Two,1
http://www.connaissance.io/onto/biblio/authors#Anne_Cameron,Child of Her People,1
http://www.connaissance.io/onto/biblio/authors#Anne_Kent_Rush,"Moon, Moon",1
http://www.connaissance.io/onto/biblio/authors#Anne_Kent_Rush,The Basic Back Book,1
http://www.connaissance.io/onto/biblio/authors#Anne_Tyler,Breathing Lessons,1
http://www.connaissance.io/onto/biblio/authors#Annie_Hawes,Ripe for the Picking,1
http://www.connaissance.io/onto/biblio/authors#Anthony_Bourdain,A Cook's Tour: In Search of a Perfect Meal,1
http://www.connaissance.io/onto/biblio/authors#Anthony_Bourdain,Bone in the Throat,1
http://www.connaissance.io/onto/biblio/authors#Anthony_Burgess,A Clockwork Orange,1
http://www.connaissance.io/onto/biblio/authors#Anthony_Doerr,The shell collector : stories,1
http://www.connaissance.io/onto/biblio/authors#Apple,Color Setup Guide,1
http://www.connaissance.io/onto/biblio/authors#April_Sinclair,Coffee Will Make You Black,1
http://www.connaissance.io/onto/biblio/authors#Argie_Ligeros,The Yoga for Athletes Fitness System,1
http://www.connaissance.io/onto/biblio/authors#Ariel_Dorfman,The Nanny and the Iceberg,1
http://www.connaissance.io/onto/biblio/authors#Arthur_Jacobs,A New Dictionary Music,1
http://www.connaissance.io/onto/biblio/authors#Arthur_Winfield_Knight,The Beat Vision,1
http://www.connaissance.io/onto/biblio/authors#Arturo_Perez_Reverte,Purity of Blood,1
http://www.connaissance.io/onto/biblio/authors#Arturo_Perez_Reverte,The Flanders Panel,1
http://www.connaissance.io/onto/biblio/authors#Arturo_Perez_Reverte,The Queen of the South,1
http://www.connaissance.io/onto/biblio/authors#Arturo_Perez_Reverte,The Seville Communion,1
http://www.connaissance.io/onto/biblio/authors#Audrey_Niffenegger,The Time Traveler's Wife,1
http://www.connaissance.io/onto/biblio/authors#Auguste_Escoffier,The Escoffier Cook Book,1
http://www.connaissance.io/onto/biblio/authors#Austin_Sicard,Mel Bay's Complete Book of Blues Guitar Licks & Phrases,1
http://www.connaissance.io/onto/biblio/authors#Aveline_Kushi,The Changing Seasons Macrobiotic Cookbook,1
http://www.connaissance.io/onto/biblio/authors#Avery_Publishing,Whole world cookbook : international macrobiotic cuisine,1
http://www.connaissance.io/onto/biblio/authors#Ayn_Rand,Atlantis Found,1
http://www.connaissance.io/onto/biblio/authors#Ayya_Khema,"Being Nobody, Going Nowhere",1
http://www.connaissance.io/onto/biblio/authors#Barbara_Ciletti,Making Great Cheese at Home : 30 simple recipes from cheddar the cheve,1
http://www.connaissance.io/onto/biblio/authors#Barbara_Gordon_Gibson,How to Plan and Build Decks,1
http://www.connaissance.io/onto/biblio/authors#Barbara_Kingsolver,The Bean Trees : a novel,1
http://www.connaissance.io/onto/biblio/authors#Barbara_Seels,Instructional Technology : the definition and domains of the field.,1
http://www.connaissance.io/onto/biblio/authors#Barney_Hoskyns,The Sound and the Fury : a Rock's Backpages reader : 40 years of classic rock journalism,1
http://www.connaissance.io/onto/biblio/authors#Barry_Galbraith,Daily exercises : in the melodic and harmonic minor modes,1
http://www.connaissance.io/onto/biblio/authors#Barry_Galbraith,The fingerbook workbook: concepts in logical fingering,1
http://www.connaissance.io/onto/biblio/authors#Barry_Gifford,Jack's Book : an Oral Biography of Jack Kerouac,1
http://www.connaissance.io/onto/biblio/authors#Barry_Lopez,Arctic Dreams: imagination and desire in a northern landscape ,1
http://www.connaissance.io/onto/biblio/authors#Barry_Lopez,River notes : the dance of herons,1
http://www.connaissance.io/onto/biblio/authors#Batdorf_Bronson,Guide to the Art of Preparing Superior Espresso,1
http://www.connaissance.io/onto/biblio/authors#Beatles,The Best of the Beatles : 25 greatest hits,1
http://www.connaissance.io/onto/biblio/authors#Beatrice_Trum_Hunter,The Natural Foods Cookbook,1
http://www.connaissance.io/onto/biblio/authors#Becky_Ohlsen,Seattle : city guide,1
http://www.connaissance.io/onto/biblio/authors#Benjamin_Hoff,Te of Piglet,1
http://www.connaissance.io/onto/biblio/authors#Betty_Edwards,Drawing on the Right Side of the Brain,1
http://www.connaissance.io/onto/biblio/authors#Betty_Wason,Encyclopedia of Cheese Cookery: a Salute to Cheese,1
http://www.connaissance.io/onto/biblio/authors#Bill_Griffith,Zippy : nation of pinheads,1
http://www.connaissance.io/onto/biblio/authors#Bill_Morris,All Souls' Day : a novel,1
http://www.connaissance.io/onto/biblio/authors#Bill_Watterson,The Essential Calvin and Hobbes,1
http://www.connaissance.io/onto/biblio/authors#Bjorn_Kjellstrom,Be Expert with Map and Compass,1
http://www.connaissance.io/onto/biblio/authors#Black_Elk,Black Elk Speaks,1
http://www.connaissance.io/onto/biblio/authors#Blue_Ribbon,Test Recipes with Blue Ribbon Malt Extract,1
http://www.connaissance.io/onto/biblio/authors#Bob_Dylan,"Chronicles, Volume One",1
http://www.connaissance.io/onto/biblio/authors#Bob_Dylan,The Concise Bob Dylan,1
http://www.connaissance.io/onto/biblio/authors#Bob_Dylan,The Superhuman Crew,1
http://www.connaissance.io/onto/biblio/authors#Bob_Dylan,Writings and Drawings,1
http://www.connaissance.io/onto/biblio/authors#Bob_Marley,Legend : the Best of Bob Marley and the Wailers,1
http://www.connaissance.io/onto/biblio/authors#Brad_Hansen,The dictionary of multimedia : terms & acronyms,1
http://www.connaissance.io/onto/biblio/authors#Brad_Leithauser,The friends of Freeland : a novel,1
http://www.connaissance.io/onto/biblio/authors#Bradford_Morrow,Trinity Fields,1
http://www.connaissance.io/onto/biblio/authors#Bradley_Denton,Lunatics,1
http://www.connaissance.io/onto/biblio/authors#Brett_Helquist,The Austere Academy,1
http://www.connaissance.io/onto/biblio/authors#Brett_Helquist,The Ersatz Elevator,1
http://www.connaissance.io/onto/biblio/authors#Brett_Helquist,The Miserable Mill,1
http://www.connaissance.io/onto/biblio/authors#Brewster_Ghiselin,The Creative Process,1
http://www.connaissance.io/onto/biblio/authors#Brian_Moore,The Magician's Wife,1
http://www.connaissance.io/onto/biblio/authors#Brooks_Hansen,"The chess garden, or, The twilight letters of Gustav Uyterhoeven",1
http://www.connaissance.io/onto/biblio/authors#Bruce_Chatwin,What Am I Doing Here,1
http://www.connaissance.io/onto/biblio/authors#Bruce_Shlain,"Acid dreams : the CIA, LSD, and the sixties rebellion",1
http://www.connaissance.io/onto/biblio/authors#Bruno_Nettl,The study of ethnomusicology : thirty-one issues and concepts,1
http://www.connaissance.io/onto/biblio/authors#Bryan_Thomas,Trails of the Gila: a guide to the recreational trails of the Silver City area,1
http://www.connaissance.io/onto/biblio/authors#CG_Jung,Synchronicity,1
http://www.connaissance.io/onto/biblio/authors#CS_Lewis,Mere Christianity,1
http://www.connaissance.io/onto/biblio/authors#Camilla_Lackberg,The Ice Princess,1
http://www.connaissance.io/onto/biblio/authors#Camille_Paglia,"Sex, art, and American culture essays",1
http://www.connaissance.io/onto/biblio/authors#Carl_Elliot,The Maritime northwest garden guide : planning calendar for year-round organic gardening,1
http://www.connaissance.io/onto/biblio/authors#Carl_Forest,The Physics of Caribou Creek,1
http://www.connaissance.io/onto/biblio/authors#Carl_Hiaasen,Basket Case,1
http://www.connaissance.io/onto/biblio/authors#Carl_Hiaasen,Hoot,1
http://www.connaissance.io/onto/biblio/authors#Carl_Hiaasen,Skinny Dip,1
http://www.connaissance.io/onto/biblio/authors#Carlos_Castaneda,Journey to Ixtlan the lessons of Don Juan,1
http://www.connaissance.io/onto/biblio/authors#Carlos_Castaneda,Tales of Power,1
http://www.connaissance.io/onto/biblio/authors#Carlos_Castaneda,The Second Ring of Power,1
http://www.connaissance.io/onto/biblio/authors#Carlos_Castaneda,The teachings of Don Juan : a Yaqui way of knowledge,1
http://www.connaissance.io/onto/biblio/authors#Carol_Brightman,Sweet chaos : the Grateful Dead's American adventure,1
http://www.connaissance.io/onto/biblio/authors#Cathleen_Schine,The evolution of Jane,1
http://www.connaissance.io/onto/biblio/authors#Cerridwen_Fallingstar,The Heart of the Fire : a novel,1
http://www.connaissance.io/onto/biblio/authors#Chad_Hautmann,Billie's Ghost,1
http://www.connaissance.io/onto/biblio/authors#Charles_Baker,"The Esquire culinary companion, being an exotic cookery book; or, Around Europe with knife, fork, and spoon",1
http://www.connaissance.io/onto/biblio/authors#Charles_Bukowski,Notes of a Dirty Old Man,1
http://www.connaissance.io/onto/biblio/authors#Charles_Bukowski,Tales of Ordinary Madness,1
http://www.connaissance.io/onto/biblio/authors#Charles_Frazier,Cold Mountain,1
http://www.connaissance.io/onto/biblio/authors#Charles_Larson,Under African Skies : modern African stories,1
http://www.connaissance.io/onto/biblio/authors#Charles_Scribner_Sons,A Little Treasure of Modern Poetry,1
http://www.connaissance.io/onto/biblio/authors#Charlie_Smith,Shine Hawk : a novel,1
http://www.connaissance.io/onto/biblio/authors#Chinua_Achebe,A Man of the People,1
http://www.connaissance.io/onto/biblio/authors#Chinua_Achebe,Things Fall Apart,1
http://www.connaissance.io/onto/biblio/authors#Chogyam_Trungpa,Shambhala : the sacred path of the warrior,1
http://www.connaissance.io/onto/biblio/authors#Chris_Bohjalian,Midwives,1
http://www.connaissance.io/onto/biblio/authors#Chris_Bohjalian,The Law of Similars,1
http://www.connaissance.io/onto/biblio/authors#Chris_Bohjalian,Water Witches,1
http://www.connaissance.io/onto/biblio/authors#Chris_Duff,On Celtic Tides,1
http://www.connaissance.io/onto/biblio/authors#Christian_Teubner,The Cheese Bible,1
http://www.connaissance.io/onto/biblio/authors#Christopher_Moore,Bite Me,1
http://www.connaissance.io/onto/biblio/authors#Christopher_Moore,Bloodsucking fiends : a love story,1
http://www.connaissance.io/onto/biblio/authors#Christopher_Moore,Practical Demonkeeping,1
http://www.connaissance.io/onto/biblio/authors#Christopher_Moore,The Lust Lizard of Melancholy Cove,1
http://www.connaissance.io/onto/biblio/authors#Christopher_Parkening,The Christopher Parkening guitar method. Vol. 1 : the art and technique of the classical guitar,1
http://www.connaissance.io/onto/biblio/authors#Clarence_Major,Dirty bird blues : a novel,1
http://www.connaissance.io/onto/biblio/authors#Clifton_Fadiman,The World treasury of modern religious thought,1
http://www.connaissance.io/onto/biblio/authors#Clive_Cussler,Atlantis Found,1
http://www.connaissance.io/onto/biblio/authors#Clive_Cussler,Blue Gold,1
http://www.connaissance.io/onto/biblio/authors#Clive_Cussler,Crescent Dawn,1
http://www.connaissance.io/onto/biblio/authors#Clive_Cussler,Cyclops,1
http://www.connaissance.io/onto/biblio/authors#Clive_Cussler,Polar Shift,1
http://www.connaissance.io/onto/biblio/authors#Clive_Cussler,Skeleton Coast,1
http://www.connaissance.io/onto/biblio/authors#Clive_Cussler,Spartan Gold,1
http://www.connaissance.io/onto/biblio/authors#Clive_Cussler,The Chase,1
http://www.connaissance.io/onto/biblio/authors#Clive_Cussler,The Kingdom : a Fargo Adventure,1
http://www.connaissance.io/onto/biblio/authors#Clive_Cussler,The Race,1
http://www.connaissance.io/onto/biblio/authors#Clive_Cussler,Valhalla Rising,1
http://www.connaissance.io/onto/biblio/authors#Clive_Cussler,White Death,1
http://www.connaissance.io/onto/biblio/authors#Clysta_Kinstler,The Moon Under Her Feet,1
http://www.connaissance.io/onto/biblio/authors#Collins_Publishing,The Cook's Own Book,1
http://www.connaissance.io/onto/biblio/authors#Connie_May_Fowler,Sugar Cage,1
http://www.connaissance.io/onto/biblio/authors#Cormac_McCarthy,All the Pretty Horses,1
http://www.connaissance.io/onto/biblio/authors#Craig_Claiborne,The New York Times Cookbook,1
http://www.connaissance.io/onto/biblio/authors#Craig_Johnson,The Cold Dish,1
http://www.connaissance.io/onto/biblio/authors#Creative_Publishing,The Complete Guide to Home Carpentry : Carpentry Skills & Projects for Homeowners,1
http://www.connaissance.io/onto/biblio/authors#Dan_Eldon,The journey is the destination : the journals of Dan Eldon,1
http://www.connaissance.io/onto/biblio/authors#Dan_Haerle,"Jazz Tunes for Improvisation, Vol. 1",1
http://www.connaissance.io/onto/biblio/authors#Dan_Homeres,Dog Falling,1
http://www.connaissance.io/onto/biblio/authors#Dan_Homeres,Sub Rosa,1
http://www.connaissance.io/onto/biblio/authors#Dan_Millman,Way of the Peaceful Warrior,1
http://www.connaissance.io/onto/biblio/authors#Dan_OBrien,"Equinox: life, love, and birds of prey",1
http://www.connaissance.io/onto/biblio/authors#Daniel_Mathews,Cascade-Olympic Natural History,1
http://www.connaissance.io/onto/biblio/authors#Daniel_Quinn,Ishmael,1
http://www.connaissance.io/onto/biblio/authors#Danny_Elfman,Theme From The Simpsons,1
http://www.connaissance.io/onto/biblio/authors#Dany_Laferriere,An Aroma of Coffee,1
http://www.connaissance.io/onto/biblio/authors#Darby_Conley,Get Fuzzy : Blueprint for Disaster,1
http://www.connaissance.io/onto/biblio/authors#Darby_Conley,The Get Fuzzy Experience : are you bucksperienced,1
http://www.connaissance.io/onto/biblio/authors#Dashka_Slater,The Wishing Box,1
http://www.connaissance.io/onto/biblio/authors#Dave_DeWitt,Peppers of the world : an identification guide,1
http://www.connaissance.io/onto/biblio/authors#Dave_DeWitt,The Pepper Garden,1
http://www.connaissance.io/onto/biblio/authors#Dave_Eggers,What Is the What,1
http://www.connaissance.io/onto/biblio/authors#Dave_Eggers,You shall know our velocity : previously retitled as Sacrament,1
http://www.connaissance.io/onto/biblio/authors#Dave_Miller,"The complete handbook of home brewing : equipment, ingredients, methods, 55 recipes",1
http://www.connaissance.io/onto/biblio/authors#David_Arnason,The Pagan Wall,1
http://www.connaissance.io/onto/biblio/authors#David_Case,"Looking for information : a survey of research on information seeking, needs, and behavior",1
http://www.connaissance.io/onto/biblio/authors#David_Downing,"A dreamer of pictures : Neil Young, the man and his music",1
http://www.connaissance.io/onto/biblio/authors#David_Gans,Playing in the band : an oral and visual portrait of the Grateful Dead,1
http://www.connaissance.io/onto/biblio/authors#David_Gibbons,Cheese : a connoisseur's guide to the world's best,1
http://www.connaissance.io/onto/biblio/authors#David_Guterson,Our Lady of the Forest,1
http://www.connaissance.io/onto/biblio/authors#David_Guterson,Snow Falling on Cedars,1
http://www.connaissance.io/onto/biblio/authors#David_Haynes,Somebody else's mama : a novel,1
http://www.connaissance.io/onto/biblio/authors#David_Hoffmann,The herbal handbook : a user's guide to medical herbalism,1
http://www.connaissance.io/onto/biblio/authors#David_Huber,Modern Recording Techniques,1
http://www.connaissance.io/onto/biblio/authors#David_James_Duncan,The Brothers K,1
http://www.connaissance.io/onto/biblio/authors#David_James_Duncan,The River Why,1
http://www.connaissance.io/onto/biblio/authors#David_Lamb,"Vietnam, now : a reporter returns",1
http://www.connaissance.io/onto/biblio/authors#David_Rains_Wallace,The Turquoise Dragon : a mystery,1
http://www.connaissance.io/onto/biblio/authors#David_Seals,The Powwow Highway : a novel,1
http://www.connaissance.io/onto/biblio/authors#David_Sibley,The Sibley field guide to birds of western North America,1
http://www.connaissance.io/onto/biblio/authors#David_Smith_Ferri,Battlefield without borders : Iraq poems,1
http://www.connaissance.io/onto/biblio/authors#David_Stanley,Cuba,1
http://www.connaissance.io/onto/biblio/authors#DeLorme_Mapping_Company,Oregon Atlas & Gazetteer,1
http://www.connaissance.io/onto/biblio/authors#DeLorme_Mapping_Company,Washington Atlas & Gazetteer,1
http://www.connaissance.io/onto/biblio/authors#Deborah_Madison,The Greens cook book : extraordinary vegetarian cuisine from the celebrated restaurant,1
http://www.connaissance.io/onto/biblio/authors#Deepak_Chopra,The seven spiritual laws of success,1
http://www.connaissance.io/onto/biblio/authors#Denise_Chavez,Face of an Angel,1
http://www.connaissance.io/onto/biblio/authors#Derek_Hansen,Sole Survivor,1
http://www.connaissance.io/onto/biblio/authors#Diane_Seed,The Top 100 Pasta Sauces,1
http://www.connaissance.io/onto/biblio/authors#Dick_Francis,Break In,1
http://www.connaissance.io/onto/biblio/authors#Dominic_Behan,Ireland Sings,1
http://www.connaissance.io/onto/biblio/authors#Don_Miguel_Ruiz,The four agreements : a practical guide to personal freedom,1
http://www.connaissance.io/onto/biblio/authors#Donald_Miller,"Through painted deserts : light, God, and beauty on the open road",1
http://www.connaissance.io/onto/biblio/authors#Donald_Peattie,An Almanac for Moderns,1
http://www.connaissance.io/onto/biblio/authors#Donald_Peattie,An Almanac for Moderns ,1
http://www.connaissance.io/onto/biblio/authors#Donna_Andrews,Murder with Puffins,1
http://www.connaissance.io/onto/biblio/authors#Dorothy_Dunnett,100 Selected Poems,1
http://www.connaissance.io/onto/biblio/authors#Dorothy_Dunnett,Queen's Play,1
http://www.connaissance.io/onto/biblio/authors#Dorothy_Dunnett,The Game of Kings,1
http://www.connaissance.io/onto/biblio/authors#Douglas_Bauer,Dexterity : a novel,1
http://www.connaissance.io/onto/biblio/authors#Dr_Seuss,The Lorax,1
http://www.connaissance.io/onto/biblio/authors#ER_LaChapelle,Avalanche Safety,1
http://www.connaissance.io/onto/biblio/authors#Earl_Shorris,Under the Fifth Sun,1
http://www.connaissance.io/onto/biblio/authors#East_Coast_Books,Chord Chemistry for Guitar,1
http://www.connaissance.io/onto/biblio/authors#Edward_Abbey,A Voice Crying in the Wilderness,1
http://www.connaissance.io/onto/biblio/authors#Edward_Abbey,Desert Solitaire,1
http://www.connaissance.io/onto/biblio/authors#Edward_Abbey,Down the River,1
http://www.connaissance.io/onto/biblio/authors#Edward_Abbey,The journey home : some words in defense of the American West,1
http://www.connaissance.io/onto/biblio/authors#Edward_Esko,Macrobiotic Cooking for Everyone,1
http://www.connaissance.io/onto/biblio/authors#Edward_Rice,Captain Sir Richard Francis Burton. A biography,1
http://www.connaissance.io/onto/biblio/authors#Edwidge_Danticat,"Breath, Eyes, Memory",1
http://www.connaissance.io/onto/biblio/authors#Edwidge_Danticat,Krik? Krak!,1
http://www.connaissance.io/onto/biblio/authors#Edwidge_Danticat,The Farming of Bones,1
http://www.connaissance.io/onto/biblio/authors#Eliot_Asinof,Man on Spikes,1
http://www.connaissance.io/onto/biblio/authors#Elisabeth_Hyde,Her Native Colors,1
http://www.connaissance.io/onto/biblio/authors#Elisabeth_Hyde,Monoosook Valley,1
http://www.connaissance.io/onto/biblio/authors#Elise_Juska,Getting Over Jack Wagner,1
http://www.connaissance.io/onto/biblio/authors#Elizabeth_Arthur,Antarctic navigation : a novel,1
http://www.connaissance.io/onto/biblio/authors#Elizabeth_Berg,Range of Motion,1
http://www.connaissance.io/onto/biblio/authors#Elizabeth_Cunningham,The Return of the Goddess : a divine comedy,1
http://www.connaissance.io/onto/biblio/authors#Elizabeth_David,An Omelette and a Glass of Wine,1
http://www.connaissance.io/onto/biblio/authors#Ellen_Ewald,Recipes for a small planet; the art and science of high protein vegetarian cookery,1
http://www.connaissance.io/onto/biblio/authors#Elliot_Perlman,Seven Types of Ambiguity,1
http://www.connaissance.io/onto/biblio/authors#Elmore_Leonard,Be Cool,1
http://www.connaissance.io/onto/biblio/authors#Elmore_Leonard,Cat Chaser,1
http://www.connaissance.io/onto/biblio/authors#Elmore_Leonard,Maximum Bob,1
http://www.connaissance.io/onto/biblio/authors#Elmore_Leonard,Pagan Babies,1
http://www.connaissance.io/onto/biblio/authors#Elmore_Leonard,Road Dogs,1
http://www.connaissance.io/onto/biblio/authors#Elmore_Leonard,Rum Punch,1
http://www.connaissance.io/onto/biblio/authors#Elmore_Leonard,The Hunted,1
http://www.connaissance.io/onto/biblio/authors#Elmore_Leonard,Tishomingo Blues,1
http://www.connaissance.io/onto/biblio/authors#Elsbeth_Woody,Pottery on the Wheel,1
http://www.connaissance.io/onto/biblio/authors#Elson_Haas,The Detox Diet,1
http://www.connaissance.io/onto/biblio/authors#Emily_Dodi,Cucina leggera : light & healthy recipes from northern Italy,1
http://www.connaissance.io/onto/biblio/authors#Emmett_Grogan,Ringolevio : a life played for keeps,1
http://www.connaissance.io/onto/biblio/authors#Eoin_Colfer,Artemis Fowl,1
http://www.connaissance.io/onto/biblio/authors#Eoin_Colfer,The Eternity Code,1
http://www.connaissance.io/onto/biblio/authors#Eric_Clapton,Eric Clapton - Guitar,1
http://www.connaissance.io/onto/biblio/authors#Eric_Goodman,In Days of Awe,1
http://www.connaissance.io/onto/biblio/authors#Eric_Schlosser,Fast food nation : the dark side of the all-American meal,1
http://www.connaissance.io/onto/biblio/authors#Ernest_Callenbach,Ecotopia,1
http://www.connaissance.io/onto/biblio/authors#Ernest_Callenbach,Ecotopia Emerging,1
http://www.connaissance.io/onto/biblio/authors#Esther_Grassian,Information literacy instruction : theory and practice,1
http://www.connaissance.io/onto/biblio/authors#Evan_S_Connell,Notes from a bottle found on the beach at Carmel,1
http://www.connaissance.io/onto/biblio/authors#Fitness_Swimmer,101 Fitness Swimming Secrets,1
http://www.connaissance.io/onto/biblio/authors#Floyd_Shuttleworth,Non-Flowering Plants,1
http://www.connaissance.io/onto/biblio/authors#Forrest_Carter,The Education of Little Tree,1
http://www.connaissance.io/onto/biblio/authors#Francis_ONeill,O'Neill's Music of Ireland,1
http://www.connaissance.io/onto/biblio/authors#Franco_Ferrero,Sea Kayak Navigation,1
http://www.connaissance.io/onto/biblio/authors#Frank_MacEowen,The Celtic way of seeing: meditations on the Irish spirit wheel,1
http://www.connaissance.io/onto/biblio/authors#Frank_Waters,The Book of the Hopi,1
http://www.connaissance.io/onto/biblio/authors#Fred_Darvill,Mountaineering Medicine: (a wilderness medical guide),1
http://www.connaissance.io/onto/biblio/authors#Frederick_Forsyth,The Deceiver,1
http://www.connaissance.io/onto/biblio/authors#Frederick_Franck,The Zen of Seeing,1
http://www.connaissance.io/onto/biblio/authors#Frederick_Franck,"The awakened eye : a companion volume to The Zen of seeing : seeing, drawing as meditation",1
http://www.connaissance.io/onto/biblio/authors#Friedrick_Nietzsche,Basic Writings of Nietzsche,1
http://www.connaissance.io/onto/biblio/authors#Fyodor_Dostoevsky,Crime and Punishment,1
http://www.connaissance.io/onto/biblio/authors#Fyodor_Dostoevsky,The Idiot,1
http://www.connaissance.io/onto/biblio/authors#Fyodor_Dostoevsky,The Karamazov Brothers,1
http://www.connaissance.io/onto/biblio/authors#Gail_Anderson-Dargatz,A Recipe for Bees,1
http://www.connaissance.io/onto/biblio/authors#Garrsion_Keillor,"WLT, A Radio Romance",1
http://www.connaissance.io/onto/biblio/authors#Garry_Trudeau,Doonesbury's Greatest Hits,1
http://www.connaissance.io/onto/biblio/authors#Gary_Davis,The sound reinforcement handbook,1
http://www.connaissance.io/onto/biblio/authors#Gary_Meisner,Instant Scale and Chord Guide for Keyboards,1
http://www.connaissance.io/onto/biblio/authors#Gary_Snyder,Axe Handles: poems by Gary Snyder,1
http://www.connaissance.io/onto/biblio/authors#Gary_Snyder,Regarding Wave,1
http://www.connaissance.io/onto/biblio/authors#Gary_Snyder,The Back Country,1
http://www.connaissance.io/onto/biblio/authors#Gary_Snyder,The Practice of the Wild,1
http://www.connaissance.io/onto/biblio/authors#Gary_Snyder,Turtle Island,1
http://www.connaissance.io/onto/biblio/authors#George_Crile,Charlie Wilson's War,1
http://www.connaissance.io/onto/biblio/authors#George_Petrides,"A field guide to trees and shrubs : field marks of all trees, shrubs, and woody vines that grow wild in the northeastern and north-central United States and in southeastern and south-central Canada",1
http://www.connaissance.io/onto/biblio/authors#George_Petrides,The Fifth Discipline : the art and practice of the learning organization,1
http://www.connaissance.io/onto/biblio/authors#Gia-fu_Feng,Tao Te Ching,1
http://www.connaissance.io/onto/biblio/authors#Gilbert_Shelton,Freak Brothers Issue 4,1
http://www.connaissance.io/onto/biblio/authors#Ginny_Callan,Horn of the Moon Cookbook,1
http://www.connaissance.io/onto/biblio/authors#Gino_Sky,Coyote Silk,1
http://www.connaissance.io/onto/biblio/authors#Glenn_Day,Simply Shrimp,1
http://www.connaissance.io/onto/biblio/authors#Gloria_Naylor,Bailey's Café,1
http://www.connaissance.io/onto/biblio/authors#Gloria_Naylor,Linden Hills,1
http://www.connaissance.io/onto/biblio/authors#Gloria_Naylor,Mama Day,1
http://www.connaissance.io/onto/biblio/authors#Gloria_Naylor,The Women of Brewster Place,1
http://www.connaissance.io/onto/biblio/authors#Goldberry_Long,Juniper Tree Burning : a novel,1
http://www.connaissance.io/onto/biblio/authors#Gordon_Parks,Voices in the Mirror : an autobiography,1
http://www.connaissance.io/onto/biblio/authors#Gorham_Kindem,The moving image : production principles and practices,1
http://www.connaissance.io/onto/biblio/authors#Graeme_Base,Animalia,1
http://www.connaissance.io/onto/biblio/authors#Graeme_Base,Jabberwocky,1
http://www.connaissance.io/onto/biblio/authors#Graeme_Base,My Grandma Lived in Gooligulch,1
http://www.connaissance.io/onto/biblio/authors#Graeme_Base,The Discovery of Dragons,1
http://www.connaissance.io/onto/biblio/authors#Graeme_Base,The Eleventh hour,1
http://www.connaissance.io/onto/biblio/authors#Graeme_Base,The Sign of the Seahorse,1
http://www.connaissance.io/onto/biblio/authors#Graeme_Base,The Worst Band in the Universe,1
http://www.connaissance.io/onto/biblio/authors#Grateful_Dead,Grateful Dead : Made Easy for Guitar,1
http://www.connaissance.io/onto/biblio/authors#Grateful_Dead,Grateful Dead : the Official Book of the Dead Heads,1
http://www.connaissance.io/onto/biblio/authors#Grateful_Dead,Grateful Dead Anthology,1
http://www.connaissance.io/onto/biblio/authors#Grateful_Dead,Grateful Dead Comix No. 1,1
http://www.connaissance.io/onto/biblio/authors#Grateful_Dead,Grateful Dead Comix No. 2,1
http://www.connaissance.io/onto/biblio/authors#Grateful_Dead,Grateful Dead Comix No. 3,1
http://www.connaissance.io/onto/biblio/authors#Grateful_Dead,Grateful Dead Comix No. 4,1
http://www.connaissance.io/onto/biblio/authors#Grateful_Dead,Grateful Dead Comix No. 5,1
http://www.connaissance.io/onto/biblio/authors#Greg_Garrett,Free Bird,1
http://www.connaissance.io/onto/biblio/authors#Gunter_Grass,The Flounder,1
http://www.connaissance.io/onto/biblio/authors#Gwen_Diehn,"Simple printmaking : a beginner's guide to making relief prints with linoleum blocks, wood blocks, rubber stamps, found objects & more",1
http://www.connaissance.io/onto/biblio/authors#HA_VanderCook,Expression in Music,1
http://www.connaissance.io/onto/biblio/authors#Haare_Williams,Te Ao mārama : contemporary Maori writing. volume 3,1
http://www.connaissance.io/onto/biblio/authors#Hal_Leonard_Corp,Incredible Chord Finder : a complete guide to over 1116 guitar chords,1
http://www.connaissance.io/onto/biblio/authors#Hal_Leonard_Corp,Irish Favorites,1
http://www.connaissance.io/onto/biblio/authors#Hank_Harrison,The Dead,1
http://www.connaissance.io/onto/biblio/authors#Hank_Harrison,The Dead Book,1
http://www.connaissance.io/onto/biblio/authors#Hannah_Hinchman,A Life in Hand : creating the illuminated journal.,1
http://www.connaissance.io/onto/biblio/authors#Hannah_Hinchman,A trail through leaves : the journal as a path to place,1
http://www.connaissance.io/onto/biblio/authors#Harold_McGee,On Food and Cooking: the Science and Lore of the Kitchen,1
http://www.connaissance.io/onto/biblio/authors#Harry_Olson,"Music, Physics, and Engineering",1
http://www.connaissance.io/onto/biblio/authors#Heather_Cheney,Rock n Roll Comics Grateful Dead Issue 45,1
http://www.connaissance.io/onto/biblio/authors#Heather_Cheney,Rock n Roll Comics Grateful Dead Issue 46,1
http://www.connaissance.io/onto/biblio/authors#Helen_Campbell,Turnip Blues,1
http://www.connaissance.io/onto/biblio/authors#Helen_DeWitt,The Last Samurai,1
http://www.connaissance.io/onto/biblio/authors#Helene_Tursten,Detective Inspector Huss,1
http://www.connaissance.io/onto/biblio/authors#Helene_Tursten,Mutuwhenua,1
http://www.connaissance.io/onto/biblio/authors#Henning_Mankell,The White Lioness,1
http://www.connaissance.io/onto/biblio/authors#Henry_David_Thoreau,A Week on the Concord and Merrimack Rivers,1
http://www.connaissance.io/onto/biblio/authors#Henry_David_Thoreau,Walden,1
http://www.connaissance.io/onto/biblio/authors#Hermann_Hesse,Demian,1
http://www.connaissance.io/onto/biblio/authors#Hermann_Hesse,Siddhartha,1
http://www.connaissance.io/onto/biblio/authors#Holly_George-Warren,"Neil Young, the Rolling Stone Files",1
http://www.connaissance.io/onto/biblio/authors#Home_Depot,Home Depot Outdoor Projects 1-2-3,1
http://www.connaissance.io/onto/biblio/authors#Home_Depot,Wood Floors 1-2-3,1
http://www.connaissance.io/onto/biblio/authors#Howard_Wallach,50 classical guitar solos in tablature,1
http://www.connaissance.io/onto/biblio/authors#Hugh_Williams,Web Database Applications with PHP & MySQL,1
http://www.connaissance.io/onto/biblio/authors#Hunter_S_Thompson,Fear and Loathing in Las Vegas: a savage journey to the heart of the American dream,1
http://www.connaissance.io/onto/biblio/authors#Hunter_S_Thompson,The Great shark hunt : Strange tales from a strange time,1
http://www.connaissance.io/onto/biblio/authors#Irma_Rombauer,Joy of Cooking,1
http://www.connaissance.io/onto/biblio/authors#Irvin_Yalom,When Nietzsche Wept,1
http://www.connaissance.io/onto/biblio/authors#Isabel_Allende,Eva Luna,1
http://www.connaissance.io/onto/biblio/authors#Isabel_Allende,The Infinite Plan : a novel,1
http://www.connaissance.io/onto/biblio/authors#Isabel_Allende,The Stories of Eva Luna,1
http://www.connaissance.io/onto/biblio/authors#Ivan_Doig,The sea runners,1
http://www.connaissance.io/onto/biblio/authors#Izaak_Walton,The Compleat Angler,1
http://www.connaissance.io/onto/biblio/authors#JD_Salinger,Nine Stories,1
http://www.connaissance.io/onto/biblio/authors#JJ_Henderson,Mumbo Jumbo,1
http://www.connaissance.io/onto/biblio/authors#JJ_Henderson,Murder on Naked Beach,1
http://www.connaissance.io/onto/biblio/authors#JK_Rowling,Harry Potter and the Chamber of Secrets,1
http://www.connaissance.io/onto/biblio/authors#JK_Rowling,Harry Potter and the Order of the Phoenix,1
http://www.connaissance.io/onto/biblio/authors#JK_Rowling,Harry Potter and the Sorcerer's Stone,1
http://www.connaissance.io/onto/biblio/authors#JK_Rowling,The Prisoner of Azkaban,1
http://www.connaissance.io/onto/biblio/authors#JRH_Andrews,"The southern ark : zoological discovery in New Zealand, 1769-1900",1
http://www.connaissance.io/onto/biblio/authors#J_Robert_Lennon,The Funnies,1
http://www.connaissance.io/onto/biblio/authors#J_Tom_Burgess,"Knots, ties and splices : a handbook for seafarers, travellers and all who use cordage, with special notes ",1
http://www.connaissance.io/onto/biblio/authors#Jabari_Asim,"The N Word : who can say it, who shouldn't, and why",1
http://www.connaissance.io/onto/biblio/authors#Jack_Hodgins,The Macken Charm : a novel,1
http://www.connaissance.io/onto/biblio/authors#Jack_Kerouac,Book of Dreams,1
http://www.connaissance.io/onto/biblio/authors#Jack_Kerouac,Mexico city blues : (242 choruses),1
http://www.connaissance.io/onto/biblio/authors#Jack_Kerouac,On the Road,1
http://www.connaissance.io/onto/biblio/authors#Jack_Kerouac,Satori in Paris,1
http://www.connaissance.io/onto/biblio/authors#Jack_Kerouac,Some of the Dharma,1
http://www.connaissance.io/onto/biblio/authors#Jack_Kerouac,The Island Within,1
http://www.connaissance.io/onto/biblio/authors#Jack_Kerouac,The Subterraneans,1
http://www.connaissance.io/onto/biblio/authors#Jack_Kerouac,Tristessa,1
http://www.connaissance.io/onto/biblio/authors#Jack_Kerouac,Vanity of Duluoz,1
http://www.connaissance.io/onto/biblio/authors#Jack_Kerouac,Visions of Cody,1
http://www.connaissance.io/onto/biblio/authors#Jacqueline_Brooks,The Case for Constructivist Classrooms : in search of understanding,1
http://www.connaissance.io/onto/biblio/authors#James_Beard,Beard on Bread,1
http://www.connaissance.io/onto/biblio/authors#James_Crumley,The Last Good Kiss : a novel,1
http://www.connaissance.io/onto/biblio/authors#James_Ellroy,White Jazz : a novel,1
http://www.connaissance.io/onto/biblio/authors#James_Ensor,The Superhuman Crew,1
http://www.connaissance.io/onto/biblio/authors#James_Kelman,"How Late It Was, How Late",1
http://www.connaissance.io/onto/biblio/authors#James_Lee_Burke,Jolie Blon's Bounce : a novel,1
http://www.connaissance.io/onto/biblio/authors#James_Lee_Burke,Purple Cane Road,1
http://www.connaissance.io/onto/biblio/authors#James_Major,Mandolin Chord Book,1
http://www.connaissance.io/onto/biblio/authors#James_McBride,The Color of Water,1
http://www.connaissance.io/onto/biblio/authors#James_McMillan,Educational Research : fundamentals for the consumer,1
http://www.connaissance.io/onto/biblio/authors#James_Patterson,Beach Road,1
http://www.connaissance.io/onto/biblio/authors#James_Patterson,Cross Country,1
http://www.connaissance.io/onto/biblio/authors#James_Patterson,Cross Fire,1
http://www.connaissance.io/onto/biblio/authors#James_Patterson,Private Games,1
http://www.connaissance.io/onto/biblio/authors#James_Patterson,The 8th Confession,1
http://www.connaissance.io/onto/biblio/authors#James_Patterson,The Postcard Killers : a novel,1
http://www.connaissance.io/onto/biblio/authors#James_Patterson,Tick Tock,1
http://www.connaissance.io/onto/biblio/authors#Jan_Kerouac,Baby Driver,1
http://www.connaissance.io/onto/biblio/authors#Jana_Kolpen,"The Secrets of Pistoulet : a Fable of Food, Magic, & Love",1
http://www.connaissance.io/onto/biblio/authors#Jane_Coleman_Helmer,Complete Guide to House Plants,1
http://www.connaissance.io/onto/biblio/authors#Jane_McGonigal,Reality is broken : why games make us better and how they can change the world,1
http://www.connaissance.io/onto/biblio/authors#Jane_Rule,The Young in One Another's Arms,1
http://www.connaissance.io/onto/biblio/authors#Jane_S_Smith,Fool's gold : a novel,1
http://www.connaissance.io/onto/biblio/authors#Jane_Urquhart,The Underpainter,1
http://www.connaissance.io/onto/biblio/authors#Jaroslav_Pelikan,The World treasury of modern religious thought,1
http://www.connaissance.io/onto/biblio/authors#Jean_Hewitt,The New York Times New Natural Foods Cookbook,1
http://www.connaissance.io/onto/biblio/authors#Jean_Paul_Sartre,The Age of Reason,1
http://www.connaissance.io/onto/biblio/authors#Jean_Vaysse,Toward awakening : an approach to the teaching left by Gurdjieff,1
http://www.connaissance.io/onto/biblio/authors#Jean_Zallinger,Botany,1
http://www.connaissance.io/onto/biblio/authors#Jeff_Shapiro,Renato's Luck,1
http://www.connaissance.io/onto/biblio/authors#Jeff_Smith,"The Frugal Gourmet Cooks Three Ancient Cuisines : China, Greece, Rome",1
http://www.connaissance.io/onto/biblio/authors#Jen_Sincero,Don't Sleep with Your Drummer,1
http://www.connaissance.io/onto/biblio/authors#Jennifer_Egan,The Invisible Circus,1
http://www.connaissance.io/onto/biblio/authors#Jerry_Coker,Improvising Jazz,1
http://www.connaissance.io/onto/biblio/authors#Jerry_Garcia,"Grateful Dead : Authentic Guitar Classics, Vol. 2",1
http://www.connaissance.io/onto/biblio/authors#Jerry_Garcia,Harrington Street,1
http://www.connaissance.io/onto/biblio/authors#Jerry_Garcia,The Grateful Dead Movie,1
http://www.connaissance.io/onto/biblio/authors#Jessica_Maxwell,Femme d'adventure : travel tales from Inner Montana to Outer Mongolia,1
http://www.connaissance.io/onto/biblio/authors#Jiawei_Han,Data mining : concepts and techniques,1
http://www.connaissance.io/onto/biblio/authors#Jill_Ker_Conway,The Road from Coorain,1
http://www.connaissance.io/onto/biblio/authors#Jill_Ker_Conway,The Road to Coorain,1
http://www.connaissance.io/onto/biblio/authors#Jim_Carroll,Living at the Movies,1
http://www.connaissance.io/onto/biblio/authors#Jim_Dodge,Not Fade Away,1
http://www.connaissance.io/onto/biblio/authors#Jim_Dodge,Stone junction : an alchemical potboiler,1
http://www.connaissance.io/onto/biblio/authors#Jim_DuFresne,Tramping in New Zealand,1
http://www.connaissance.io/onto/biblio/authors#Jim_Harrison,A Good day to Die : a novel,1
http://www.connaissance.io/onto/biblio/authors#Jim_Harrison,Farmer,1
http://www.connaissance.io/onto/biblio/authors#Jim_Harrison,Julip,1
http://www.connaissance.io/onto/biblio/authors#Jim_Harrison,Legends of the Fall,1
http://www.connaissance.io/onto/biblio/authors#Jim_Harrison,Returning to Earth,1
http://www.connaissance.io/onto/biblio/authors#Jim_Harrison,Sundog,1
http://www.connaissance.io/onto/biblio/authors#Jim_Harrison,The Beast God Forgot to Invent,1
http://www.connaissance.io/onto/biblio/authors#Jim_Harrison,The Raw and the Cooked,1
http://www.connaissance.io/onto/biblio/authors#Jim_Harrison,The Road Home,1
http://www.connaissance.io/onto/biblio/authors#Jim_Harrison,Warlock: A Novel,1
http://www.connaissance.io/onto/biblio/authors#Jim_Harrison,Wolf,1
http://www.connaissance.io/onto/biblio/authors#Jim_Webb,Fields of Fire,1
http://www.connaissance.io/onto/biblio/authors#Jimella_Lucas,The Ark Restaurant Cookbook : Cuisine of the Pacific Northwest ,1
http://www.connaissance.io/onto/biblio/authors#Jimmy_McDonough,Shakey : Neil Young's biography,1
http://www.connaissance.io/onto/biblio/authors#Jo-Ann_Mapson,Shadow Ranch : a novel,1
http://www.connaissance.io/onto/biblio/authors#Joanna_Rose,Coastliners : a novel,1
http://www.connaissance.io/onto/biblio/authors#Joanna_Rose,Little Miss Strange,1
http://www.connaissance.io/onto/biblio/authors#Joanne_Harris,Chocolat : a novel,1
http://www.connaissance.io/onto/biblio/authors#Joanne_Harris,Holy Fools,1
http://www.connaissance.io/onto/biblio/authors#Jodi_Picoult,Songs of the humpback whale : a novel in five voices,1
http://www.connaissance.io/onto/biblio/authors#Joe_Coomer,Beachcombing for a Shipwrecked God,1
http://www.connaissance.io/onto/biblio/authors#John_Barth,The Last Voyage of Somebody the Sailor,1
http://www.connaissance.io/onto/biblio/authors#John_Barth,The Tidewater tales : a novel,1
http://www.connaissance.io/onto/biblio/authors#John_Brimhall,The Best of the Best of Brimhall Jazz Standards,1
http://www.connaissance.io/onto/biblio/authors#John_Burdett,Bangkok 8,1
http://www.connaissance.io/onto/biblio/authors#John_Burdett,Bangkok Tattoo,1
http://www.connaissance.io/onto/biblio/authors#John_Casey,The Half-life of Happiness,1
http://www.connaissance.io/onto/biblio/authors#John_Clellon_Holmes,Get Home Free,1
http://www.connaissance.io/onto/biblio/authors#John_Clellon_Holmes,The Horn,1
http://www.connaissance.io/onto/biblio/authors#John_Crowley,Aegypt,1
http://www.connaissance.io/onto/biblio/authors#John_Crowley,Love & Sleep,1
http://www.connaissance.io/onto/biblio/authors#John_Dufresne,Louisiana Power & Light,1
http://www.connaissance.io/onto/biblio/authors#John_Hanson_Mitchell,Ceremonial time : fifteen thousand years on one square mile,1
http://www.connaissance.io/onto/biblio/authors#John_Hanson_Mitchell,Living at the End of Time,1
http://www.connaissance.io/onto/biblio/authors#John_Kennedy_Toole,A Confederacy of Dunces,1
http://www.connaissance.io/onto/biblio/authors#John_Kennedy_Toole,The Neon Bible,1
http://www.connaissance.io/onto/biblio/authors#John_Klemmer,The Jazz Styles of John Klemmer,1
http://www.connaissance.io/onto/biblio/authors#John_Lescroart,Hard Evidence,1
http://www.connaissance.io/onto/biblio/authors#John_Lewis,Walking with the wind : a memoir of the movement,1
http://www.connaissance.io/onto/biblio/authors#John_Lust,The Herb Book,1
http://www.connaissance.io/onto/biblio/authors#John_McPhee,Encounters with the Archdruid,1
http://www.connaissance.io/onto/biblio/authors#John_McPhee,Giving Good Weight,1
http://www.connaissance.io/onto/biblio/authors#John_McPhee,Irons in the Fire,1
http://www.connaissance.io/onto/biblio/authors#John_McPhee,La Place de la Concorde Suisse,1
http://www.connaissance.io/onto/biblio/authors#John_McPhee,Looking for a Ship,1
http://www.connaissance.io/onto/biblio/authors#John_McPhee,The Control of Nature,1
http://www.connaissance.io/onto/biblio/authors#John_McPhee,The Pine Barrens,1
http://www.connaissance.io/onto/biblio/authors#John_Neihardt,Black Elk Speaks,1
http://www.connaissance.io/onto/biblio/authors#John_Robbins,Diet for a New America,1
http://www.connaissance.io/onto/biblio/authors#John_Steinbeck,Cannery Row,1
http://www.connaissance.io/onto/biblio/authors#John_Steinbeck,Sweet Thursday,1
http://www.connaissance.io/onto/biblio/authors#John_Steinbeck,The Log From the Sea of Cortez,1
http://www.connaissance.io/onto/biblio/authors#John_Steinbeck,The Winter of Our Discontent,1
http://www.connaissance.io/onto/biblio/authors#John_Steinbeck,Travels With Charley : in search of America,1
http://www.connaissance.io/onto/biblio/authors#John_Steinbeck,Travels with Charley : in search of America,1
http://www.connaissance.io/onto/biblio/authors#John_Stephenson,Teaching & learning online : pedagogies for new technologies,1
http://www.connaissance.io/onto/biblio/authors#John_Straley,The Woman Who Married a Bear,1
http://www.connaissance.io/onto/biblio/authors#John_Thorne,Serious pig : an American cook in search of his roots,1
http://www.connaissance.io/onto/biblio/authors#John_W_Scott,DeadBase X : the complete guide to Grateful Dead song lists,1
http://www.connaissance.io/onto/biblio/authors#John_Watkinson,The Art of Digital Video,1
http://www.connaissance.io/onto/biblio/authors#John_Wiessinger,"Flowers, ferns, and fungi-right before your eyes",1
http://www.connaissance.io/onto/biblio/authors#Jon_Hassler,Rookery Blues,1
http://www.connaissance.io/onto/biblio/authors#Jonathan_Cott,Dylan,1
http://www.connaissance.io/onto/biblio/authors#Jonathan_Raban,Passage to Juneau,1
http://www.connaissance.io/onto/biblio/authors#Joni_Rodgers,Crazy for Trying ; a novel,1
http://www.connaissance.io/onto/biblio/authors#Jorge_Amado,The War of the Saints,1
http://www.connaissance.io/onto/biblio/authors#Joseph_Campbell,The inner reaches of outer space : metaphor as myth and as religion,1
http://www.connaissance.io/onto/biblio/authors#Joseph_Conrad,Heart of Darkness and The Secret Sharer,1
http://www.connaissance.io/onto/biblio/authors#Joseph_Heller,Catch 22,1
http://www.connaissance.io/onto/biblio/authors#Joseph_Sheban,The Wisdom of Gibran,1
http://www.connaissance.io/onto/biblio/authors#Joshua_Piven,The worst-case scenario survival handbook : dating & sex,1
http://www.connaissance.io/onto/biblio/authors#Josquin_Des_Pres,Guitar Fitness : an exercising handbook,1
http://www.connaissance.io/onto/biblio/authors#Jostein_Gaarder,Maya,1
http://www.connaissance.io/onto/biblio/authors#Judy_Fong_Bates,Midnight at the Dragon Café,1
http://www.connaissance.io/onto/biblio/authors#Judy_Jewell,Oregon,1
http://www.connaissance.io/onto/biblio/authors#Julee_Rosso,The Silver Palate Cookbook,1
http://www.connaissance.io/onto/biblio/authors#Julee_Rosso,The Silver Palate good times cookbook,1
http://www.connaissance.io/onto/biblio/authors#Julia_Alvarez,In the Time of the Butterflies,1
http://www.connaissance.io/onto/biblio/authors#Junichiro_Tanizaki,"A Cat, a Man, and Two Women : stories",1
http://www.connaissance.io/onto/biblio/authors#Kahlil_Gibran,The Prophet,1
http://www.connaissance.io/onto/biblio/authors#Kahlil_Gibran,The Wisdom of Gibran,1
http://www.connaissance.io/onto/biblio/authors#Karen_Betteridge,Nature's Foods,1
http://www.connaissance.io/onto/biblio/authors#Karen_Cox,"Implementing Technology Solutions in Libraries : Techniques, Tools, and Tips from the Trenches",1
http://www.connaissance.io/onto/biblio/authors#Karl_Marlantes,Matterhorn : a novel of the Vietnam War,1
http://www.connaissance.io/onto/biblio/authors#Kate_Atkinson,Case histories,1
http://www.connaissance.io/onto/biblio/authors#Kate_Atkinson,Emotionally Weird,1
http://www.connaissance.io/onto/biblio/authors#Kate_Atkinson,In the Drink,1
http://www.connaissance.io/onto/biblio/authors#Katherine_Neville,A Calculated Risk,1
http://www.connaissance.io/onto/biblio/authors#Kathleen_Tyau,A Little Too Much is Enough,1
http://www.connaissance.io/onto/biblio/authors#Kathleen_Tyau,A Philosophical Investigation,1
http://www.connaissance.io/onto/biblio/authors#Kathryn_Stern,Another Song About the King,1
http://www.connaissance.io/onto/biblio/authors#Kathryn_Thompson,Close your eyes and think of Dublin : portrait of a girl,1
http://www.connaissance.io/onto/biblio/authors#Kazuko_Masui,French Cheese,1
http://www.connaissance.io/onto/biblio/authors#Kazuko_Masui,French Cheeses,1
http://www.connaissance.io/onto/biblio/authors#Kazuo_Ishiguro,The Remains of the Day,1
http://www.connaissance.io/onto/biblio/authors#Keith_Jack,Video demystified : a handbook for the digital engineer,1
http://www.connaissance.io/onto/biblio/authors#Ken_Follett,Night Over Water,1
http://www.connaissance.io/onto/biblio/authors#Ken_Kesey,Demon Box,1
http://www.connaissance.io/onto/biblio/authors#Ken_Kesey,One Flew Over the Cuckoo's Nest,1
http://www.connaissance.io/onto/biblio/authors#Ken_Kesey,Sailor Song,1
http://www.connaissance.io/onto/biblio/authors#Ken_Kesey,Sometimes a Great Notion,1
http://www.connaissance.io/onto/biblio/authors#Kenneth_Brower,The Starship and the Canoe,1
http://www.connaissance.io/onto/biblio/authors#Kenneth_Patchen,The Journal of Albion Moonlight,1
http://www.connaissance.io/onto/biblio/authors#Kenneth_Ring,Heading toward omega : in search of the meaning of the near-death experience,1
http://www.connaissance.io/onto/biblio/authors#Kent_Anderson,Sympathy for the Devil,1
http://www.connaissance.io/onto/biblio/authors#Keri_Hulme,The Bone People : a Novel,1
http://www.connaissance.io/onto/biblio/authors#Keri_Hulme,The Windeater,1
http://www.connaissance.io/onto/biblio/authors#Kerstin_Ekman,Blackwater,1
http://www.connaissance.io/onto/biblio/authors#Kevin_Desouza,Knowledge Management: An Introduction,1
http://www.connaissance.io/onto/biblio/authors#Kiana_Davenport,Shark Dialogues,1
http://www.connaissance.io/onto/biblio/authors#Kiran_Desai,Hullabaloo in the Guava Orchard,1
http://www.connaissance.io/onto/biblio/authors#Kit_Knight,The Beat Vision,1
http://www.connaissance.io/onto/biblio/authors#Kurt_Vonnegut,Cat's Cradle,1
http://www.connaissance.io/onto/biblio/authors#Kurt_Vonnegut,Deadeye Dick : a novel,1
http://www.connaissance.io/onto/biblio/authors#Kurt_Vonnegut,Galápagos : a novel,1
http://www.connaissance.io/onto/biblio/authors#Kurt_Vonnegut,"God bless you, Mr. Rosewater",1
http://www.connaissance.io/onto/biblio/authors#Kurt_Vonnegut,"Slaughterhouse-five, or, The children's crusade : a duty dance with death",1
http://www.connaissance.io/onto/biblio/authors#Kwadwo_Agymah_Kamau,Flickering Shadows,1
http://www.connaissance.io/onto/biblio/authors#Ladies_Union_Circle,From the Galleys of Nantucket,1
http://www.connaissance.io/onto/biblio/authors#Larry_Brown,Fay: a novel,1
http://www.connaissance.io/onto/biblio/authors#Larry_Rockoff,The Language of SQL,1
http://www.connaissance.io/onto/biblio/authors#Laura_Pedersen,Beginner's Luck,1
http://www.connaissance.io/onto/biblio/authors#Laurel_Robertson,Laurel's kitchen : a handbook for vegetarian cookery & nutrition,1
http://www.connaissance.io/onto/biblio/authors#Laurence_Boldt,How to Find the Work You Love,1
http://www.connaissance.io/onto/biblio/authors#Lawrence_Lee,Jack's Book : an Oral Biography of Jack Kerouac,1
http://www.connaissance.io/onto/biblio/authors#Lawrence_Millman,Our like will not be there again : notes from the west of Ireland,1
http://www.connaissance.io/onto/biblio/authors#Lawrence_Norfolk,Lemprière's Dictionary,1
http://www.connaissance.io/onto/biblio/authors#Lee_Child,Bad Luck and Trouble,1
http://www.connaissance.io/onto/biblio/authors#Lee_Child,Gone Tomorrow,1
http://www.connaissance.io/onto/biblio/authors#Lee_Child,The Hard Way,1
http://www.connaissance.io/onto/biblio/authors#Leigh_Riker,Strapless,1
http://www.connaissance.io/onto/biblio/authors#Lemony_Snicket,A box of unfortunate events : the situation worsens,1
http://www.connaissance.io/onto/biblio/authors#Leo_Tolstoy,Anna Karenina. Book 1,1
http://www.connaissance.io/onto/biblio/authors#Leo_Tolstoy,Anna Karenina. Book 2,1
http://www.connaissance.io/onto/biblio/authors#Leo_Tolstoy,Childhood Adolescence Youth,1
http://www.connaissance.io/onto/biblio/authors#Leo_Tolstoy,The Death of Ivan Lynch and Other Stories,1
http://www.connaissance.io/onto/biblio/authors#Leo_Tolstoy,The Portable Tolstoy,1
http://www.connaissance.io/onto/biblio/authors#Leonardo_Maugeri,The Age of Oil : What They Don't Want You to Know About the World's Most Controversial Resource,1
http://www.connaissance.io/onto/biblio/authors#Lester_Bangs,"Mainlines, blood feasts and bad taste : a Lester Bangs reader",1
http://www.connaissance.io/onto/biblio/authors#Lewis_Carroll,Alice in Wonderland and Through the Looking Glass,1
http://www.connaissance.io/onto/biblio/authors#Lewis_Porter,John Coltrane : his life and music,1
http://www.connaissance.io/onto/biblio/authors#Lillian_B_Rubin,Worlds of Pain : Life in the Working-Class Family,1
http://www.connaissance.io/onto/biblio/authors#Lindsey_Davis,One Virgin Too Many,1
http://www.connaissance.io/onto/biblio/authors#Lisa_Bach,Her fork in the road : women celebrate food and travel,1
http://www.connaissance.io/onto/biblio/authors#Lois_Mai_Chan,Cataloging and classification : an introduction,1
http://www.connaissance.io/onto/biblio/authors#Lorraine_Anderson,Sisters of the Earth : women's prose and poetry about nature,1
http://www.connaissance.io/onto/biblio/authors#Lorraine_Anderson,The Sivananda Companion to Yoga,1
http://www.connaissance.io/onto/biblio/authors#Louisa_Rhine,PSI what is it?,1
http://www.connaissance.io/onto/biblio/authors#Louise_Erdrich,Tracks : a novel,1
http://www.connaissance.io/onto/biblio/authors#Louise_Rennison,"On the bright side, I'm now the girlfriend of a sex god",1
http://www.connaissance.io/onto/biblio/authors#MIT_Outing_Club,Fundamentals of Rock Climbing,1
http://www.connaissance.io/onto/biblio/authors#M_Wylie_Blanchet,The curve of time : the classic memoir of a woman and her children who explored the coastal waters of the Pacific Northwest,1
http://www.connaissance.io/onto/biblio/authors#Madeleine_Lengle,A Wrinkle in Time,1
http://www.connaissance.io/onto/biblio/authors#Madhur_Jaffrey,World-of-the-East Vegetarian Cooking,1
http://www.connaissance.io/onto/biblio/authors#Maeve_Binchy,Tara Road,1
http://www.connaissance.io/onto/biblio/authors#Malcolm_Gladwell,The Tipping Point: how little things can make a big difference,1
http://www.connaissance.io/onto/biblio/authors#Manju_Singh,The Spice Box : Vegetarian Indian Cookbook,1
http://www.connaissance.io/onto/biblio/authors#Margaret_Wittenberg,Good Food : the Complete Guide to Eating Well,1
http://www.connaissance.io/onto/biblio/authors#Marianne_Fredriksson,Hanna's Daughters,1
http://www.connaissance.io/onto/biblio/authors#Marita_Conlon-McKenna,The Magdalen,1
http://www.connaissance.io/onto/biblio/authors#Marjorie_Winn_Ford,The Deaf Smith Country Cookbook,1
http://www.connaissance.io/onto/biblio/authors#Mark_Bego,Joni Mitchell,1
http://www.connaissance.io/onto/biblio/authors#Mark_Bridges,The Gig Bag Book of Arpeggios for All Guitarists,1
http://www.connaissance.io/onto/biblio/authors#Mark_Bridges,The Gig Bag Book of Scales for All Guitarists,1
http://www.connaissance.io/onto/biblio/authors#Mark_Jacobs,Stone Cowboy : a novel,1
http://www.connaissance.io/onto/biblio/authors#Mark_Twain,The Adventures of Huckleberry Finn,1
http://www.connaissance.io/onto/biblio/authors#Martin_Cruz_Smith,Havana Bay : a novel,1
http://www.connaissance.io/onto/biblio/authors#Martin_Lee,"Acid dreams : the CIA, LSD, and the sixties rebellion",1
http://www.connaissance.io/onto/biblio/authors#Mary_Donovan,The New Professional Chef,1
http://www.connaissance.io/onto/biblio/authors#Mary_Estella,Natural Foods Cookbook: Vegetarian dairy-free cuisine,1
http://www.connaissance.io/onto/biblio/authors#Mary_Monroe,The Upper Room,1
http://www.connaissance.io/onto/biblio/authors#Mary_Oliver,American Primitive : poems,1
http://www.connaissance.io/onto/biblio/authors#Maryse_Conde,Crossing the Mangrove,1
http://www.connaissance.io/onto/biblio/authors#Maryse_Conde,Salamander,1
http://www.connaissance.io/onto/biblio/authors#Maryse_Conde,Tree of Life,1
http://www.connaissance.io/onto/biblio/authors#Matteo_Carcassi,Carcassi - 25 melodic and progressive studies for guitar,1
http://www.connaissance.io/onto/biblio/authors#Max_Allan_Collins,Angels in Black,1
http://www.connaissance.io/onto/biblio/authors#Max_McCalman,Cheese : a connoisseur's guide to the world's best,1
http://www.connaissance.io/onto/biblio/authors#Maxine_Hong_Kingston,Tripmaster Monkey,1
http://www.connaissance.io/onto/biblio/authors#Maxwell_Eden,Kiteworks : explorations in kite building & flying,1
http://www.connaissance.io/onto/biblio/authors#Maya_Angelou,Singin' and swingin' and gettin' merry like Christmas ,1
http://www.connaissance.io/onto/biblio/authors#Meg_Cabot,Boy Meets Girl,1
http://www.connaissance.io/onto/biblio/authors#Mel_Bay,Guitar Chord Chart,1
http://www.connaissance.io/onto/biblio/authors#MerriamWebster,Merriam-Webster's Pocket Dictionary,1
http://www.connaissance.io/onto/biblio/authors#Merrill_Gilfillan,Burnt House to Paw Paw : Appalachian notes,1
http://www.connaissance.io/onto/biblio/authors#Michael_Connelly,The Closers,1
http://www.connaissance.io/onto/biblio/authors#Michael_Connelly,The Lincoln Lawyer : a novel,1
http://www.connaissance.io/onto/biblio/authors#Michael_Connelly,The Scarecrow : a novel,1
http://www.connaissance.io/onto/biblio/authors#Michael_Crichton,Eaters of the Dead,1
http://www.connaissance.io/onto/biblio/authors#Michael_Dibdin,Dead Lagoon : an Aurelio Zen mystery,1
http://www.connaissance.io/onto/biblio/authors#Michael_Dorris,A yellow raft in blue water,1
http://www.connaissance.io/onto/biblio/authors#Michael_G_Moore,Contemporary Issues in American Distance Education,1
http://www.connaissance.io/onto/biblio/authors#Michael_Kernan,The Lost Diaries of Frans Hals : a novel,1
http://www.connaissance.io/onto/biblio/authors#Michael_Ondaatje,The English Patient : a novel,1
http://www.connaissance.io/onto/biblio/authors#Michael_Palin,Hemingway's Chair,1
http://www.connaissance.io/onto/biblio/authors#Michael_Palin,The Lost Coast,1
http://www.connaissance.io/onto/biblio/authors#Michael_Scott,The sorceress ; the secrets of the immortal Nicholas Flamel : Book three,1
http://www.connaissance.io/onto/biblio/authors#Michael_Talbot,The Holographic Universe,1
http://www.connaissance.io/onto/biblio/authors#Michio_Kushi,The Book of Macrobiotics,1
http://www.connaissance.io/onto/biblio/authors#Mick_Goodrick,The Advancing Guitarist,1
http://www.connaissance.io/onto/biblio/authors#Mickey_Hart,Planet Drum,1
http://www.connaissance.io/onto/biblio/authors#Mickey_Spillane,"I, the Jury, My Gun is Quick, Vengeance is Mine",1
http://www.connaissance.io/onto/biblio/authors#Mickey_Spillane,The Mike Hammer Collection,1
http://www.connaissance.io/onto/biblio/authors#Mike_DOrso,Walking with the wind : a memoir of the movement,1
http://www.connaissance.io/onto/biblio/authors#Miklos_Udvardy,National Audubon Society field guide to North American birds. Western region,1
http://www.connaissance.io/onto/biblio/authors#Mil_Millington,Things my girlfriend and I have argued about : a novel,1
http://www.connaissance.io/onto/biblio/authors#Miles_Davis,Miles: the autobiography,1
http://www.connaissance.io/onto/biblio/authors#Miles_Krassen,O'Neill's Music of Ireland,1
http://www.connaissance.io/onto/biblio/authors#Mollie_Katzen,The Enchanted Broccoli Forest and Other Timeless Delicacies,1
http://www.connaissance.io/onto/biblio/authors#Mollie_Katzen,The Moosewood Cookbook : Recipes from Moosewood Restaurant,1
http://www.connaissance.io/onto/biblio/authors#Molly_Gloss,Wild Life,1
http://www.connaissance.io/onto/biblio/authors#Moosewood_Collective,Moosewood Restaurant Book of Desserts,1
http://www.connaissance.io/onto/biblio/authors#Moosewood_Collective,New Recipes from Moosewood Restaurant,1
http://www.connaissance.io/onto/biblio/authors#Moosewood_Collective,Sundays at Moosewood Restaurant,1
http://www.connaissance.io/onto/biblio/authors#Mort_Rosenblum,Olives,1
http://www.connaissance.io/onto/biblio/authors#Muriel_Sweet,Common Edible and Useful Plants of the West,1
http://www.connaissance.io/onto/biblio/authors#Naomi_Lazard,The Essential Teachings of Zen Master Hakuin,1
http://www.connaissance.io/onto/biblio/authors#Neal_Cassady,The first third & other writings,1
http://www.connaissance.io/onto/biblio/authors#Neal_Stephenson,Cryptonomicon,1
http://www.connaissance.io/onto/biblio/authors#Neil_Young,Decade,1
http://www.connaissance.io/onto/biblio/authors#Nel_King,Beneath the underdog: his world as composed by Mingus,1
http://www.connaissance.io/onto/biblio/authors#Nic_Harcourt,"Music lust : recommended listening for every mood, moment, and reason",1
http://www.connaissance.io/onto/biblio/authors#Niccolo_Tucci,The Sun and the Moon,1
http://www.connaissance.io/onto/biblio/authors#Nicholas_Mosley,The Hesperides Tree,1
http://www.connaissance.io/onto/biblio/authors#Nicholas_Rinaldi,The Jukebox Queen of Malta,1
http://www.connaissance.io/onto/biblio/authors#Nick_Bantock,Griffin & Sabine : an extraordinary correspondence,1
http://www.connaissance.io/onto/biblio/authors#Nick_Bantock,The Forgetting Room,1
http://www.connaissance.io/onto/biblio/authors#Nick_Hornby,"Juliet, Naked",1
http://www.connaissance.io/onto/biblio/authors#Nick_Hornby,Songbook,1
http://www.connaissance.io/onto/biblio/authors#Nikki_Goldbeck,American wholefoods cuisine : 1300 meatless wholesome recipes from short order to gourmet,1
http://www.connaissance.io/onto/biblio/authors#Nikolai_Gogol,Dead Souls,1
http://www.connaissance.io/onto/biblio/authors#Norman_Rush,Mating,1
http://www.connaissance.io/onto/biblio/authors#Norman_Waddell,The Essential Teachings of Zen Master Hakuin,1
http://www.connaissance.io/onto/biblio/authors#Ntozake_Shange,"Sassafrass, Cypress & Indigo : a novel",1
http://www.connaissance.io/onto/biblio/authors#OU_Levon,Caverns : a novel,1
http://www.connaissance.io/onto/biblio/authors#Oasis_Project,Connections Technology Training,1
http://www.connaissance.io/onto/biblio/authors#Octavia_E_Butler,Parable of the Talents,1
http://www.connaissance.io/onto/biblio/authors#Okakura_Kakuzo,The Book of Tea,1
http://www.connaissance.io/onto/biblio/authors#Old_New_England,Old New England Cookbook,1
http://www.connaissance.io/onto/biblio/authors#Olive_Ann_Burns,Cold Sassy Tree,1
http://www.connaissance.io/onto/biblio/authors#Ossian_Publications,"The Irish pub songbook : 36 of the very best Irish pubsongs : with complete words, music and guitar chords",1
http://www.connaissance.io/onto/biblio/authors#Ottmar_Liebert,Nouveau Flamenco,1
http://www.connaissance.io/onto/biblio/authors#Otto_Werner,The Origin and Development of Jazz,1
http://www.connaissance.io/onto/biblio/authors#PD_James,An Unsuitable Job for a Woman,1
http://www.connaissance.io/onto/biblio/authors#PJ_ORourke,Parliament of Whores,1
http://www.connaissance.io/onto/biblio/authors#P_Statford,The Portable Graham Greene,1
http://www.connaissance.io/onto/biblio/authors#Parker_Palmer,The Courage to Teach : exploring the inner landscape of a teacher's life,1
http://www.connaissance.io/onto/biblio/authors#Patricia_Cornwell,Isle of Dogs,1
http://www.connaissance.io/onto/biblio/authors#Patricia_Grace,Baby No-Eyes,1
http://www.connaissance.io/onto/biblio/authors#Patricia_Grace,Cousins,1
http://www.connaissance.io/onto/biblio/authors#Patricia_Haskell,The Cheese Book,1
http://www.connaissance.io/onto/biblio/authors#Patricia_Henley,Hummingbird House,1
http://www.connaissance.io/onto/biblio/authors#Patricia_Schechter,"Remembering the power of words: the life of an Oregon activist, legislator, and community leader",1
http://www.connaissance.io/onto/biblio/authors#Patrick_Humphries,Richard Thompson : the biography,1
http://www.connaissance.io/onto/biblio/authors#Patrick_McManus,The Grasshopper Trap,1
http://www.connaissance.io/onto/biblio/authors#Patti_Smith,Babel,1
http://www.connaissance.io/onto/biblio/authors#Patti_Smith,Early Work,1
http://www.connaissance.io/onto/biblio/authors#Patti_Smith,Seventh Heaven,1
http://www.connaissance.io/onto/biblio/authors#Pattie_Vargas,Making Wild Wines and Meads,1
http://www.connaissance.io/onto/biblio/authors#Paul_Auster,The book of illusions : a novel,1
http://www.connaissance.io/onto/biblio/authors#Paul_Bosland,Peppers of the world : an identification guide,1
http://www.connaissance.io/onto/biblio/authors#Paul_Bowles,The Sheltering Sky,1
http://www.connaissance.io/onto/biblio/authors#Paulette_Jiles,Enemy Women,1
http://www.connaissance.io/onto/biblio/authors#Paulo_Coelho,The Alchemist : a story about following your dream,1
http://www.connaissance.io/onto/biblio/authors#Pavel_Kohout,I Am Snowing : the confessions of a woman of Prague,1
http://www.connaissance.io/onto/biblio/authors#Pearl_Luke,Burning Ground,1
http://www.connaissance.io/onto/biblio/authors#Per_Amann,Vincent van Gogh,1
http://www.connaissance.io/onto/biblio/authors#Pete_McCarthy,McCarthy's Bar : a journey of discovery in Ireland,1
http://www.connaissance.io/onto/biblio/authors#Peter_Adamson,The Tuscan Master,1
http://www.connaissance.io/onto/biblio/authors#Peter_Beilenson,Haiku Harvest,1
http://www.connaissance.io/onto/biblio/authors#Peter_Carey,Illywhacker,1
http://www.connaissance.io/onto/biblio/authors#Peter_Davies,The American Heritage dictionary of the English language,1
http://www.connaissance.io/onto/biblio/authors#Peter_Deadman,Nature's Foods,1
http://www.connaissance.io/onto/biblio/authors#Peter_Gadol,The Mystery Roast,1
http://www.connaissance.io/onto/biblio/authors#Peter_Hoeg,Borderliners,1
http://www.connaissance.io/onto/biblio/authors#Peter_Hoeg,Miss Smilla's feeling for snow,1
http://www.connaissance.io/onto/biblio/authors#Peter_Hoeg,Tales of the Night,1
http://www.connaissance.io/onto/biblio/authors#Peter_Hoeg,The History of Danish Dreams,1
http://www.connaissance.io/onto/biblio/authors#Peter_Matthiessen,Nine Headed Dragon River,1
http://www.connaissance.io/onto/biblio/authors#Peter_Mayle,Hotel Pastis : a novel of Provence ,1
http://www.connaissance.io/onto/biblio/authors#Peter_Powers,"Touring the Islands : bicycling in the San Juan, Gulf, and Vancouver Islands",1
http://www.connaissance.io/onto/biblio/authors#Peter_Roget,Roget's thesaurus of synonyms and antonyms,1
http://www.connaissance.io/onto/biblio/authors#Phil_Baguley,Teach Yourself Project Management,1
http://www.connaissance.io/onto/biblio/authors#Phil_Lesh,Searching for the Sound,1
http://www.connaissance.io/onto/biblio/authors#Philip_Pratt,A Guide to SQL,1
http://www.connaissance.io/onto/biblio/authors#Phillip_Allen,Sprouting for health in the 90s : build your immune system and detox your body,1
http://www.connaissance.io/onto/biblio/authors#Poppy_Brite,Liquor : a novel,1
http://www.connaissance.io/onto/biblio/authors#Quincy_Troupe,Miles: the autobiography,1
http://www.connaissance.io/onto/biblio/authors#Rachel_Biheller_Bunin,Microsoft Project 2010 : Introductory,1
http://www.connaissance.io/onto/biblio/authors#Rachel_Cusk,The Country Life,1
http://www.connaissance.io/onto/biblio/authors#Ralph_Helfer,Modoc: the true story of the greatest elephant that ever lived,1
http://www.connaissance.io/onto/biblio/authors#Ralph_Steadman,The Grapes of Ralph,1
http://www.connaissance.io/onto/biblio/authors#Rand_McNally,Road Atlas & Trip Planner,1
http://www.connaissance.io/onto/biblio/authors#Randy_Wayne_White,The Heat Islands,1
http://www.connaissance.io/onto/biblio/authors#Rebecca_Wood,Whole Foods Guide for Employees of Natural Food Stores,1
http://www.connaissance.io/onto/biblio/authors#Relix_Magazine,Relix Vol. 16 No. 1,1
http://www.connaissance.io/onto/biblio/authors#Relix_Magazine,Relix Vol. 16 No. 2,1
http://www.connaissance.io/onto/biblio/authors#Relix_Magazine,Relix Vol. 16 No. 4,1
http://www.connaissance.io/onto/biblio/authors#Relix_Magazine,Relix Vol. 16 No. 6,1
http://www.connaissance.io/onto/biblio/authors#Rex_Pickett,Sideways,1
http://www.connaissance.io/onto/biblio/authors#Rich_Carter,Jazz Guitar Masterpieces,1
http://www.connaissance.io/onto/biblio/authors#Richard_Adams,Watership Down,1
http://www.connaissance.io/onto/biblio/authors#Richard_Bach,Illusions : the adventures of a reluctant Messiah,1
http://www.connaissance.io/onto/biblio/authors#Richard_Bach,One: a novel,1
http://www.connaissance.io/onto/biblio/authors#Richard_Brautigan,"Trout fishing in America, the Pill versus the Springhill mine disasterk, and In watermelon sugar",1
http://www.connaissance.io/onto/biblio/authors#Richard_Dawkins,The God Delusion,1
http://www.connaissance.io/onto/biblio/authors#Richard_Flanagan,The Sound of One Hand Clapping,1
http://www.connaissance.io/onto/biblio/authors#Richard_Kluger,The Sheriff of Nottingham,1
http://www.connaissance.io/onto/biblio/authors#Richard_Mayer,Cambridge Handbook of Multimedia Learning,1
http://www.connaissance.io/onto/biblio/authors#Richard_Monaco,"Parsival, or a Knight's Tale",1
http://www.connaissance.io/onto/biblio/authors#Richard_Nelson,The Island Within,1
http://www.connaissance.io/onto/biblio/authors#Richard_Powers,The Gold Bug Variations,1
http://www.connaissance.io/onto/biblio/authors#Richard_Spellenberg,The Audubon Society field guide to North American wildflowers : western region,1
http://www.connaissance.io/onto/biblio/authors#Richard_Sterling,"The fire never dies : one man's raucous romp down the road of food, passion, and adventure",1
http://www.connaissance.io/onto/biblio/authors#Rita_Dove,Through the Ivory Gate,1
http://www.connaissance.io/onto/biblio/authors#Rob_Van_der_Plas,The bicycle repair book : the complete manual of bicycle care,1
http://www.connaissance.io/onto/biblio/authors#Robert_B_Parker,Split Image,1
http://www.connaissance.io/onto/biblio/authors#Robert_Boswell,Mystery Ride : a novel,1
http://www.connaissance.io/onto/biblio/authors#Robert_Crais,The Last Detective,1
http://www.connaissance.io/onto/biblio/authors#Robert_Dessaix,Night Letters,1
http://www.connaissance.io/onto/biblio/authors#Robert_Gagne,Instructional Technology : Foundations,1
http://www.connaissance.io/onto/biblio/authors#Robert_Gagne,Learner's Guide to Accompany Principles of Instructional Design,1
http://www.connaissance.io/onto/biblio/authors#Robert_Gagne,Principles of Instructional Design,1
http://www.connaissance.io/onto/biblio/authors#Robert_Kay,Fiji : a travel survival kit,1
http://www.connaissance.io/onto/biblio/authors#Robert_Linssen,Living Zen,1
http://www.connaissance.io/onto/biblio/authors#Robert_Ludlum,The Bourne Identity,1
http://www.connaissance.io/onto/biblio/authors#Robert_Ludlum,The Bourne Supremacy,1
http://www.connaissance.io/onto/biblio/authors#Robert_McLiam_Wilson,Eureka Street : a novel of Ireland like no other,1
http://www.connaissance.io/onto/biblio/authors#Robert_Michael_Pyle,Wintergreen: rambles in a ravaged land,1
http://www.connaissance.io/onto/biblio/authors#Robert_Olen_Butler,Sun Dogs : a novel,1
http://www.connaissance.io/onto/biblio/authors#Robert_Olen_Butler,The Deuce : a novel,1
http://www.connaissance.io/onto/biblio/authors#Robert_Solomon,From rationalism to existentialism : the existentialists and their nineteenth-century backgrounds,1
http://www.connaissance.io/onto/biblio/authors#Robertson_Davies,What's bred in the bone,1
http://www.connaissance.io/onto/biblio/authors#Roddy_Doyle,The Barrytown Trilogy,1
http://www.connaissance.io/onto/biblio/authors#Roddy_Doyle,The Woman Who Walked into Doors,1
http://www.connaissance.io/onto/biblio/authors#Rolling_Stone,Rolling Stone: 1000th Issue,1
http://www.connaissance.io/onto/biblio/authors#Rolling_Stone,Rolling Stone: Jerry Garcia Issue 1,1
http://www.connaissance.io/onto/biblio/authors#Rolling_Stone,Rolling Stone: Jerry Garcia Issue 2,1
http://www.connaissance.io/onto/biblio/authors#Rolling_Stone,Rolling Stone: Jerry Garcia Issue 3,1
http://www.connaissance.io/onto/biblio/authors#Rolling_Stone,The Rolling Stone Interviews,1
http://www.connaissance.io/onto/biblio/authors#Rollo_May,The Courage to Create,1
http://www.connaissance.io/onto/biblio/authors#Ron_Hansen,Mariette in Ecstasy,1
http://www.connaissance.io/onto/biblio/authors#Ronny_Lee,"Jazz Guitarist, Volume 2",1
http://www.connaissance.io/onto/biblio/authors#Rosario_Ferre,The House on the Lagoon,1
http://www.connaissance.io/onto/biblio/authors#Rotraud_Michael-Degner,The Cheeses of Italy,1
http://www.connaissance.io/onto/biblio/authors#Royal_Robbins,Basic Rockcraft,1
http://www.connaissance.io/onto/biblio/authors#Rudolfo_Anaya,Zia Summer,1
http://www.connaissance.io/onto/biblio/authors#Russell_Banks,Continental Drift,1
http://www.connaissance.io/onto/biblio/authors#Ruth_Reichl,Comfort me with apples : more adventures at the table,1
http://www.connaissance.io/onto/biblio/authors#Ruth_Reichl,Tender at the Bone,1
http://www.connaissance.io/onto/biblio/authors#Ruth_Rendell,The Rottweiler,1
http://www.connaissance.io/onto/biblio/authors#Ruth_Winter,A consumer's dictionary of food additives,1
http://www.connaissance.io/onto/biblio/authors#SE_Hinton,"That was then, this is now",1
http://www.connaissance.io/onto/biblio/authors#SE_Hinton,The Outsiders,1
http://www.connaissance.io/onto/biblio/authors#Sal_Salvador,Ultimate Scales & Modes for Guitar,1
http://www.connaissance.io/onto/biblio/authors#Salma_Samar_Damluji,The Sultan Qaboos Grand Mosque,1
http://www.connaissance.io/onto/biblio/authors#Samuel_Beckett,En Attendant Godot,1
http://www.connaissance.io/onto/biblio/authors#Samuel_Chamberlain,Clémentine in the Kitchen,1
http://www.connaissance.io/onto/biblio/authors#Samuel_Fromartz,"Organic, inc. : natural foods and how they grew",1
http://www.connaissance.io/onto/biblio/authors#Sandra_Benitez,Bitter Grounds,1
http://www.connaissance.io/onto/biblio/authors#Sara_Midda,In and Out of the Garden,1
http://www.connaissance.io/onto/biblio/authors#Sarah_Bird,The Mommy Club : a novel,1
http://www.connaissance.io/onto/biblio/authors#Sarah_Graves,Repair to Her Grave,1
http://www.connaissance.io/onto/biblio/authors#Saul_Bellow,"Henderson, the Rain King",1
http://www.connaissance.io/onto/biblio/authors#Saul_Bellow,The Dean's December,1
http://www.connaissance.io/onto/biblio/authors#Scott_Meyer,Deadhead Forever : Property of Haze,1
http://www.connaissance.io/onto/biblio/authors#Scott_Simon,Pretty Birds,1
http://www.connaissance.io/onto/biblio/authors#Seamus_Heaney,"Selected poems, 1966-1987",1
http://www.connaissance.io/onto/biblio/authors#Sebastian_Faulks,On Green Dolphin Street : a novel,1
http://www.connaissance.io/onto/biblio/authors#Sharon_Pape,Sketch me if you can,1
http://www.connaissance.io/onto/biblio/authors#Sheila_Lukins,The Silver Palate Cookbook,1
http://www.connaissance.io/onto/biblio/authors#Sheila_Lukins,The Silver Palate good times cookbook,1
http://www.connaissance.io/onto/biblio/authors#Shel_Silverstein,Different Dances,1
http://www.connaissance.io/onto/biblio/authors#Shunto_Aoyama,Zen seeds : reflections of a female priest,1
http://www.connaissance.io/onto/biblio/authors#Somerville_E,The Irish R.M.,1
http://www.connaissance.io/onto/biblio/authors#Sonic_Solutions,Publishing in the Age of DVD,1
http://www.connaissance.io/onto/biblio/authors#Sonja_Maria_Dahl,Too Many Tears,1
http://www.connaissance.io/onto/biblio/authors#Stanley_Karnow,Vietnam : a history,1
http://www.connaissance.io/onto/biblio/authors#Stephen_Coonts,The Intruders,1
http://www.connaissance.io/onto/biblio/authors#Stephen_Dobyns,Saratoga Haunting,1
http://www.connaissance.io/onto/biblio/authors#Stephen_Hunt,The kingdom beyond the waves,1
http://www.connaissance.io/onto/biblio/authors#Stephen_Myhre,Bone carving : a skillbase of techniques and concepts,1
http://www.connaissance.io/onto/biblio/authors#Steve_Hall,Guitar Chord Encyclopedia,1
http://www.connaissance.io/onto/biblio/authors#Steven_Jenkins,Cheese Primer,1
http://www.connaissance.io/onto/biblio/authors#Steven_Johnson,Mind wide open : your brain and the neuroscience of everyday life,1
http://www.connaissance.io/onto/biblio/authors#Steven_Rinella,The Scavenger's Guide to Haute Cuisine,1
http://www.connaissance.io/onto/biblio/authors#Stieg_Larsson,The Girl Who Played with Fire,1
http://www.connaissance.io/onto/biblio/authors#Stieg_Larsson,The Girl with the Dragon Tattoo,1
http://www.connaissance.io/onto/biblio/authors#Stuart_Woods,Chiefs,1
http://www.connaissance.io/onto/biblio/authors#Stuart_Woods,Dead in the Water,1
http://www.connaissance.io/onto/biblio/authors#Stuart_Woods,Hot Mahogany,1
http://www.connaissance.io/onto/biblio/authors#Stuart_Woods,Lucid Intervals,1
http://www.connaissance.io/onto/biblio/authors#Stuart_Woods,Orchard Beach,1
http://www.connaissance.io/onto/biblio/authors#Sue_Silverman,Love sick : one woman's journey through sexual addiction,1
http://www.connaissance.io/onto/biblio/authors#Sune_Engelbrektson,"Stars, Planets, and Galaxies",1
http://www.connaissance.io/onto/biblio/authors#Sunetra_Gupta,Memories of Rain,1
http://www.connaissance.io/onto/biblio/authors#Susan_Fox_Rogers,Two in the Wild,1
http://www.connaissance.io/onto/biblio/authors#Susan_Orlean,The Orchid Thief,1
http://www.connaissance.io/onto/biblio/authors#Susan_Straight,I Been in Sorrow's Kitchen and Licked Out All the Pots,1
http://www.connaissance.io/onto/biblio/authors#Susanna_Moore,The Whiteness of Bones : a novel,1
http://www.connaissance.io/onto/biblio/authors#Swain_Wolfe,The Woman Who Lives in the Earth,1
http://www.connaissance.io/onto/biblio/authors#Sylvan_Barnet,"An introduction to literature : fiction, poetry, drama",1
http://www.connaissance.io/onto/biblio/authors#TA_Layton,Cheese and Cheese Cookery,1
http://www.connaissance.io/onto/biblio/authors#TS_Eliot,Old Possum's Book of Practical Cats,1
http://www.connaissance.io/onto/biblio/authors#TS_Eliot,Selected Poems,1
http://www.connaissance.io/onto/biblio/authors#T_Coraghessan_Boyle,Budding Prospects,1
http://www.connaissance.io/onto/biblio/authors#T_Coraghessan_Boyle,Greasy Lake & other stories,1
http://www.connaissance.io/onto/biblio/authors#T_Coraghessan_Boyle,The Tortilla Curtain,1
http://www.connaissance.io/onto/biblio/authors#T_Coraghessan_Boyle,Water Music: a novel,1
http://www.connaissance.io/onto/biblio/authors#T_Coraghessan_Boyle,World's End : a novel,1
http://www.connaissance.io/onto/biblio/authors#T_Jeff_Williams,Basic Wiring Techniques,1
http://www.connaissance.io/onto/biblio/authors#Tananarive_Due,The good house : a novel,1
http://www.connaissance.io/onto/biblio/authors#Ted_Greene,Jazz guitar single note soloing. Vol. 1,1
http://www.connaissance.io/onto/biblio/authors#Ted_Greene,Modern Chord Progressions,1
http://www.connaissance.io/onto/biblio/authors#Ted_Ringer,"Get Outta Town : a Tale of the Grateful Dead, the IRS, and Coffee",1
http://www.connaissance.io/onto/biblio/authors#Terry_McMillan,How Stella Got Her Groove Back,1
http://www.connaissance.io/onto/biblio/authors#Thich_Nhat_Hanh,Peace is every step : the path of mindfulness in everyday life,1
http://www.connaissance.io/onto/biblio/authors#Thomas_Connolly,"Database Systems: a practical approach to design, implementation, and management",1
http://www.connaissance.io/onto/biblio/authors#Thomas_Hardy,Tess of the d'Urbervilles,1
http://www.connaissance.io/onto/biblio/authors#Thomas_King,"Green Grass, Running Water",1
http://www.connaissance.io/onto/biblio/authors#Thomas_McGuane,Keep the Change,1
http://www.connaissance.io/onto/biblio/authors#Thomas_McGuane,Panama,1
http://www.connaissance.io/onto/biblio/authors#Thomas_Pynchon,Gravity's Rainbow,1
http://www.connaissance.io/onto/biblio/authors#Thomas_Pynchon,V.,1
http://www.connaissance.io/onto/biblio/authors#Thomas_Sanchez,Mile Zero,1
http://www.connaissance.io/onto/biblio/authors#Thomas_Wharton,Icefields,1
http://www.connaissance.io/onto/biblio/authors#Tim_Cahill,A Wolverine is Eating My Leg,1
http://www.connaissance.io/onto/biblio/authors#Tim_Dorsey,Atomic Lobster,1
http://www.connaissance.io/onto/biblio/authors#Tim_Dorsey,Florida Roadkill: a novel,1
http://www.connaissance.io/onto/biblio/authors#Tim_Dorsey,Hammerhead Ranch Motel,1
http://www.connaissance.io/onto/biblio/authors#Tim_Folger,"The best American science and nature writing, 2004",1
http://www.connaissance.io/onto/biblio/authors#Tim_OBrien,Going After Cacciato : a novel,1
http://www.connaissance.io/onto/biblio/authors#Tim_OBrien,"If I die in a combat zone, box me up and ship me home",1
http://www.connaissance.io/onto/biblio/authors#Tim_OBrien,In the Lake of the Woods,1
http://www.connaissance.io/onto/biblio/authors#Tim_OBrien,The Things They Carried : a work of fiction,1
http://www.connaissance.io/onto/biblio/authors#Tim_Sandlin,Sex and Sunsets,1
http://www.connaissance.io/onto/biblio/authors#Tim_Sandlin,Western Swing,1
http://www.connaissance.io/onto/biblio/authors#Time_Life_Books,Soups,1
http://www.connaissance.io/onto/biblio/authors#Tina_McElroy_Ansa,Baby of the Family,1
http://www.connaissance.io/onto/biblio/authors#Tina_McElroy_Ansa,The Hand I Fan With,1
http://www.connaissance.io/onto/biblio/authors#Tom_Manoff,The Music Kit : Rhythm Reader,1
http://www.connaissance.io/onto/biblio/authors#Tom_Manoff,The Music Kit : Workbook,1
http://www.connaissance.io/onto/biblio/authors#Tom_Robbins,Fierce Invalids Home from Hot Climates,1
http://www.connaissance.io/onto/biblio/authors#Tom_Robbins,Half Asleep in Frog Pajamas,1
http://www.connaissance.io/onto/biblio/authors#Tom_Robbins,Jitterbug Perfume,1
http://www.connaissance.io/onto/biblio/authors#Tom_Robbins,Still life with woodpecker : [a sort of a love story],1
http://www.connaissance.io/onto/biblio/authors#Tom_Robbins,Villa Incognito,1
http://www.connaissance.io/onto/biblio/authors#Tom_Watts,Rocky Mountain Tree Finder: a pocket manual for identifying Rocky Mountain trees,1
http://www.connaissance.io/onto/biblio/authors#Tom_Wolfe,The electric kool-aid acid test,1
http://www.connaissance.io/onto/biblio/authors#Toni_Morrison,Jazz,1
http://www.connaissance.io/onto/biblio/authors#Toni_Morrison,Song of Solomon,1
http://www.connaissance.io/onto/biblio/authors#Tony_Birks,The Complete Potter's Companion,1
http://www.connaissance.io/onto/biblio/authors#Tony_Glover,Blues harp : an instruction method for playing the blues harmonica,1
http://www.connaissance.io/onto/biblio/authors#Tony_Wheeler,New Zealand : a travel survival kit,1
http://www.connaissance.io/onto/biblio/authors#Toyoaki_Kawai,Creative Origami,1
http://www.connaissance.io/onto/biblio/authors#Troy_Soos,Hunting a Detroit Tiger,1
http://www.connaissance.io/onto/biblio/authors#Try_Foods_Intl,The Art of Selecting and Serving Cheese,1
http://www.connaissance.io/onto/biblio/authors#Twelve_Time_Sys,Sonar 3,1
http://www.connaissance.io/onto/biblio/authors#Urban_Waite,The Terror of Living,1
http://www.connaissance.io/onto/biblio/authors#Van_Reid,Cordelia Underwood,1
http://www.connaissance.io/onto/biblio/authors#Victor_Hugo,Les Misérables,1
http://www.connaissance.io/onto/biblio/authors#Victor_Sodsook,True Thai : the modern art of Thai cooking,1
http://www.connaissance.io/onto/biblio/authors#Vijay_Hassin,Step by Step to Organic Vegetable Growing,1
http://www.connaissance.io/onto/biblio/authors#Vijay_Hassin,The Modern Yoga Handbook,1
http://www.connaissance.io/onto/biblio/authors#Vikram_Chandra,Red earth and pouring rain : a novel,1
http://www.connaissance.io/onto/biblio/authors#Vincent_Kohler,Banjo Boy,1
http://www.connaissance.io/onto/biblio/authors#Vivienne_Marquis,The Cheese Book,1
http://www.connaissance.io/onto/biblio/authors#Voltaire,Candide,1
http://www.connaissance.io/onto/biblio/authors#WP_Kinsella,"Red Wolf, Red Wolf",1
http://www.connaissance.io/onto/biblio/authors#Walt_Wheelock,"Ropes, Knots & Slings for Climbers",1
http://www.connaissance.io/onto/biblio/authors#Walter_Mosley,Fearless Jones : a novel,1
http://www.connaissance.io/onto/biblio/authors#Walter_Wager,Learner's Guide to Accompany Principles of Instructional Design,1
http://www.connaissance.io/onto/biblio/authors#Wayne_Johnson,Don't think twice : a novel,1
http://www.connaissance.io/onto/biblio/authors#Wayne_Johnston,The Colony of Unrequited Dreams,1
http://www.connaissance.io/onto/biblio/authors#Wendy_Esko,Macrobiotic Cooking for Everyone,1
http://www.connaissance.io/onto/biblio/authors#Wendy_Esko,The Changing Seasons Macrobiotic Cookbook,1
http://www.connaissance.io/onto/biblio/authors#Wendy_Holden,Bad Heir Day,1
http://www.connaissance.io/onto/biblio/authors#William_Bay,"Mel Bay's fun with the harmonica : an instruction method for diatonic, chromatic, and blues styling",1
http://www.connaissance.io/onto/biblio/authors#William_Carpenter,A Keeper of Sheep,1
http://www.connaissance.io/onto/biblio/authors#William_Glasser,The Quality School,1
http://www.connaissance.io/onto/biblio/authors#William_Leavitt,A Modern Method for Guitar. vol. 1,1
http://www.connaissance.io/onto/biblio/authors#William_Leavitt,A Modern Method for Guitar. vol. 2,1
http://www.connaissance.io/onto/biblio/authors#William_Leavitt,Reading studies for guitar : positions one through seven and multi-position studies in all keys,1
http://www.connaissance.io/onto/biblio/authors#William_S_Burroughs,Junky,1
http://www.connaissance.io/onto/biblio/authors#William_Trevor,Ireland : selected stories,1
http://www.connaissance.io/onto/biblio/authors#William_Vollmann,Butterfly Stories,1
http://www.connaissance.io/onto/biblio/authors#William_Vollmann,The Atlas,1
http://www.connaissance.io/onto/biblio/authors#Willis_Harman,Higher Creativity,1
http://www.connaissance.io/onto/biblio/authors#Wing_Tsit_Chan,The Way of Lao Tzu,1
http://www.connaissance.io/onto/biblio/authors#Wisconsin_Milk_Marketing,Wisconsin Cheesecyclopedia,1
http://www.connaissance.io/onto/biblio/authors#Woody_Mann,The Blues Fakebook,1
http://www.connaissance.io/onto/biblio/authors#Yamaha,Yamaha Song Book,1
http://www.connaissance.io/onto/biblio/authors#Yann_Martel,Life of Pi,1
http://www.connaissance.io/onto/biblio/authors#Zoe_Bran,Enduring Cuba,1
http://www.connaissance.io/onto/biblio/authors#Zoe_Weil,"Most Good, Least Harm",1
http://www.connaissance.io/onto/biblio/authors#Zora_Neale_Hurston,I love myself when I am laughing : and then again when I am looking mean : a Zora Neale Hurston reader,1
