name,title
A. A. Milne,The House at Pooh Corner
A. A. Milne,Winnie the Pooh
A.C. Bhaktivedanta Swami Prabhupāda,The Higher Taste : a guide to gourmet vegetarian cooking and a karma-free diet
A.J. Verdelle,The Good Negress
A.S. Byatt,Possession : a romance
A.S. Byatt,Still Life
A.S. Byatt,The Virgin in the Garden
AT&T,Process Quality Managment & Improvement Guidelines
Adam Kadmon,The guitar grimoire : progressions & improvisation
Adelle Davis,Let's Cook It Right
Adriana Trigiani,Big Stone Gap : a novel
Al Di Meola,"Guide to Chords, Scales, & Arpeggios"
Alafair Burke,Close Case
Alafair Burke,Judgment Calls
Alan Davidson,The Oxford Companion to Food
Alan Duff,Once Were Warriors
Alan Watts,"Cloud-hidden, whereabouts unknown; a mountain journal"
Alan Watts,"Nature, man, and woman"
Alan Watts,The Way of Zen
Alan Watts,The book; on the taboo against knowing who you are
Albert Camus,L'étranger
Albert Camus,The Fall
Albert Einstein,The World As I See It: Out of My Later Years
Aldo Leopold,A Sand County Almanac
Aldo Leopold,A sand county almanac : with essays on conservation from Round River
Aldous Huxley,Brave New World
Aldous Huxley,The Doors of Perception
Aldous Huxley,Island
Alexander McCall Smith,44 Scotland Street
Alfalfa's,Wild World of Bulk ; Buying and Preparing Bulk Foods
Alfred Vogel,Nature - Your Guide to Healthy Living
Alfredo Véa,Gods Go Begging
Alice Hoffman,Practical Magic
Alice Walker,I love myself when I am laughing : and then again when I am looking mean : a Zora Neale Hurston reader
Alicia Bay Laurel,Living on the Earth
Allan Hunt Badiner,Dharma gaia : a harvest of essays in buddhism and ecology
America's Test Kitchen,"Cook's Country, 2005"
America's Test Kitchen,"Cook's Country, 2006"
American Medical Association,The American Medical Association guide to your family's symptoms
Ana Castillo,So Far From God
Andre Dubus,Bluesman
Andre Dubus,House of Sand and Fog
Andrea Barrett,The Forms of Water
Andrea Dodi,Cucina leggera : light & healthy recipes from northern Italy
Andres Segovia,Diatonic Major and Minor Scales
Andrew Boyd,Daily afflictions : the agony of being connected to everything in the universe
Angelo Pellegrini,Vintage Pellegrini : the collected wisdom of an American buongustaio : writings
Anita Shreve,The Pilot's Wife
Ann Dunnigan,Anton Chekhov selected stories
Ann Patchett,The Magician's Assistant
Anna Thomas,The Vegetarian Epicure
Anna Thomas,The Vegetarian Epicure: Book Two
Anne Cameron,Child of Her People
Anne Cameron,Escape to Beulah
Anne Kent Rush,"Moon, Moon"
Anne Kent Rush,The Basic Back Book
Anne Tyler,Breathing Lessons
Annie Hawes,Ripe for the Picking
Anthony Bourdain,Bone in the Throat
Anthony Bourdain,A Cook's Tour: In Search of a Perfect Meal
Anthony Burgess,A Clockwork Orange
Anthony Doerr,The shell collector : stories
Anton Chekhov,Anton Chekhov selected stories
"Apple Computer, Inc",Color Setup Guide
April Sinclair,Coffee Will Make You Black
Ardythe Ashley,In the Country of the Great King
Argie Ligeros,The Yoga for Athletes Fitness System
Ariel Dorfman,The Nanny and the Iceberg
Arthur Jacobs,A New Dictionary Music
Arthur Winfield Knight,The Beat Vision
Arturo Pérez-Reverte,Purity of Blood
Arturo Pérez-Reverte,The Queen of the South
Arturo Pérez-Reverte,The Flanders Panel
Arturo Pérez-Reverte,The Seville Communion
Arundhati Roy,The God of Small Things
Audrey Niffenegger,The Time Traveler's Wife
Auguste Escoffier,The Escoffier Cook Book
Austin Sicard,Mel Bay's Complete Book of Blues Guitar Licks & Phrases
Aveline Kushi,The Changing Seasons Macrobiotic Cookbook
Avery_Publishing Group,Whole world cookbook : international macrobiotic cuisine
Ayn Rand,Atlantis Found
Ayya Khema,"Being Nobody, Going Nowhere"
Barbara G. Gibson,How to Plan and Build Decks
Barbara J. Ciletti,Making Great Cheese at Home : 30 simple recipes from cheddar the cheve
Barbara Kingsolver,The Bean Trees : a novel
Barbara Kingsolver,Poisonwood Bible
Barbara Seels,Instructional Technology : the definition and domains of the field.
Barney Hoskyns,The Sound and the Fury : a Rock's Backpages reader : 40 years of classic rock journalism
Barry Galbraith,Daily exercises : in the melodic and harmonic minor modes
Barry Galbraith,The fingerbook workbook: concepts in logical fingering
Barry Gifford,Jack's Book : an Oral Biography of Jack Kerouac
Barry Lopez,Arctic Dreams: imagination and desire in a northern landscape 
Barry Lopez,River notes : the dance of herons
Batdorf Bronson,Guide to the Art of Preparing Superior Espresso
Beatrice Trum Hunter,The Natural Foods Cookbook
Becky Ohlsen,Seattle : city guide
Benjamin Hoff,Te of Piglet
Betty Edwards,Drawing on the Right Side of the Brain
Betty Wason,Encyclopedia of Cheese Cookery: a Salute to Cheese
Bill Griffith,Zippy : nation of pinheads
Bill Morris,All Souls' Day : a novel
Bill Watterson,The Essential Calvin and Hobbes
Björn Kjellström,Be Expert with Map and Compass
Black Elk,Black Elk Speaks
Blue Ribbon Malt,Test Recipes with Blue Ribbon Malt Extract
Bob Dylan,"Chronicles, Volume One"
Bob Dylan,The Concise Bob Dylan
Bob Dylan,The Superhuman Crew
Bob Dylan,Writings and Drawings
Bob Marley,Legend : the Best of Bob Marley and the Wailers
Brad Hansen,The dictionary of multimedia : terms & acronyms
Brad Leithauser,The friends of Freeland : a novel
Bradford Morrow,Trinity Fields
Bradley Denton,Lunatics
Brett Helquist,The Austere Academy
Brett Helquist,The Ersatz Elevator
Brett Helquist,The Miserable Mill
Brewster Ghiselin,The Creative Process
Brian Moore,The Magician's Wife
Brooks Hansen,"The chess garden, or, The twilight letters of Gustav Uyterhoeven"
Bruce Chatwin,What Am I Doing Here
Bruce Shlain,"Acid dreams : the CIA, LSD, and the sixties rebellion"
Bruno Nettl,The study of ethnomusicology : thirty-one issues and concepts
Bryan Thomas,Trails of the Gila: a guide to the recreational trails of the Silver City area
C.G. Jung,Synchronicity
C.S. Lewis,Mere Christianity
Camilla Läckberg,The Ice Princess
Camille Paglia,"Sex, art, and American culture essays"
Carl Bode,Selected Journals of Henry David Thoreau
Carl Elliot,The Maritime northwest garden guide : planning calendar for year-round organic gardening
Carl Forest,The Physics of Caribou Creek
Carl Hiaasen,Basket Case
Carl Hiaasen,Hoot
Carl Hiaasen,Skinny Dip
Carlos Castaneda,Journey to Ixtlan the lessons of Don Juan
Carlos Castaneda,The Second Ring of Power
Carlos Castaneda,Tales of Power
Carlos Castaneda,The teachings of Don Juan : a Yaqui way of knowledge
Carol Brightman,Sweet chaos : the Grateful Dead's American adventure
Cathleen Schine,The evolution of Jane
Cerridwen Fallingstar,The Heart of the Fire : a novel
Chad Hautmann,Billie's Ghost
Charles Bukowski,Notes of a Dirty Old Man
Charles Bukowski,Tales of Ordinary Madness
Charles Frazier,Cold Mountain
Charles H. Baker Jr.,"The Esquire culinary companion, being an exotic cookery book; or, Around Europe with knife, fork, and spoon"
Charles Larson,Under African Skies : modern African stories
Charles Scribner's Sons,A Little Treasure of Modern Poetry
Charlie Smith,Shine Hawk : a novel
Chinua Achebe,A Man of the People
Chinua Achebe,Things Fall Apart
Chris Bohjalian,Midwives
Chris Bohjalian,The Law of Similars
Chris Bohjalian,Water Witches
Chris Duff,On Celtic Tides
Christian Teubner,The Cheese Bible
Christopher Moore,Bite Me
Christopher Moore,Bloodsucking fiends : a love story
Christopher Moore,Practical Demonkeeping
Christopher Moore,The Lust Lizard of Melancholy Cove
Christopher Parkening,The Christopher Parkening guitar method. Vol. 1 : the art and technique of the classical guitar
Chögyam Trungpa,Shambhala : the sacred path of the warrior
Clarence Major,Dirty bird blues : a novel
Clifton Fadiman,The World treasury of modern religious thought
Clive Cussler,Atlantis Found
Clive Cussler,Blue Gold
Clive Cussler,Crescent Dawn
Clive Cussler,Cyclops
Clive Cussler,Polar Shift
Clive Cussler,Skeleton Coast
Clive Cussler,Spartan Gold
Clive Cussler,The Chase
Clive Cussler,The Kingdom : a Fargo Adventure
Clive Cussler,The Race
Clive Cussler,Valhalla Rising
Clive Cussler,White Death
Clysta Kinstler,The Moon Under Her Feet
Collins Publishing,The Cook's Own Book
Connie May Fowler,Sugar Cage
Cormac McCarthy,All the Pretty Horses
Crab Searl,"Knots, ties and splices : a handbook for seafarers, travellers and all who use cordage, with special notes "
Craig Claiborne,The New York Times Cookbook
Craig Johnson,The Cold Dish
Creative Publishing International,The Complete Guide to Home Carpentry : Carpentry Skills & Projects for Homeowners
D. M. Dooling,I become part of it : sacred dimensions in native American life
Dan Eldon,The journey is the destination : the journals of Dan Eldon
Dan Haerle,"Jazz Tunes for Improvisation, Vol. 1"
Dan Homeres,Dog Falling
Dan Homeres,Sub Rosa
Dan Millman,Way of the Peaceful Warrior
Dan O'Brien,"Equinox: life, love, and birds of prey"
Daniel Mathews,Cascade-Olympic Natural History
Daniel Quinn,Ishmael
Danny Elfman,Theme From The Simpsons
Dany Laferrière,An Aroma of Coffee
Darby Conley,Get Fuzzy : Blueprint for Disaster
Darby Conley,The Get Fuzzy Experience : are you bucksperienced
Dashka Slater,The Wishing Box
Dave DeWitt,The Pepper Garden
Dave DeWitt,Peppers of the world : an identification guide
Dave Eggers,What Is the What
Dave Eggers,You shall know our velocity : previously retitled as Sacrament
Dave Miller,"The complete handbook of home brewing : equipment, ingredients, methods, 55 recipes"
David Arnason,The Pagan Wall
David Downing,"A dreamer of pictures : Neil Young, the man and his music"
David Gans,Playing in the band : an oral and visual portrait of the Grateful Dead
David Gibbons,Cheese : a connoisseur's guide to the world's best
David Guterson,Our Lady of the Forest
David Guterson,Snow Falling on Cedars
David Haynes,Somebody else's mama : a novel
David Hoffmann,The herbal handbook : a user's guide to medical herbalism
David James Duncan,The Brothers K
David James Duncan,The River Why
David Lamb,"Vietnam, now : a reporter returns"
David Miles Huber,Modern Recording Techniques
David Owen Case,"Looking for information : a survey of research on information seeking, needs, and behavior"
David Rains Wallace,The Turquoise Dragon : a mystery
David Seals,The Powwow Highway : a novel
David Sibley,The Sibley field guide to birds of western North America
David Smith-Ferri,Battlefield without borders : Iraq poems
David Stanley,Cuba
DeLorme Mapping Company,Oregon Atlas & Gazetteer
DeLorme Mapping Company,Washington Atlas & Gazetteer
Deborah Madison,The Greens cook book : extraordinary vegetarian cuisine from the celebrated restaurant
Deepak Chopra,The seven spiritual laws of success
Denise Chávez,Face of an Angel
Derek Hansen,Sole Survivor
Dermot Bolger,Finbar's Hotel
Diane Seed,The Top 100 Pasta Sauces
Dick Francis,Break In
Dominic Behan,Ireland Sings
Don Miguel Ruiz,The four agreements : a practical guide to personal freedom
Donald C. Peattie,An Almanac for Moderns
Donald C. Peattie,An Almanac for Moderns 
Donald Miller,"Through painted deserts : light, God, and beauty on the open road"
Donna Andrews,Murder with Puffins
Dorothy Dunnett,The Game of Kings
Dorothy Dunnett,100 Selected Poems
Dorothy Dunnett,Queen's Play
Douglas Bauer,Dexterity : a novel
Dr. Seuss,The Lorax
E.R. LaChapelle,Avalanche Safety
Earl Shorris,Under the Fifth Sun
East Coast Books,Chord Chemistry for Guitar
Edward Abbey,Desert Solitaire
Edward Abbey,Down the River
Edward Abbey,The Monkey Wrench Gang
Edward Abbey,The journey home : some words in defense of the American West
Edward Abbey,A Voice Crying in the Wilderness
Edward Esko,Macrobiotic Cooking for Everyone
Edward Rice,Captain Sir Richard Francis Burton. A biography
Edwidge Danticat,"Breath, Eyes, Memory"
Edwidge Danticat,Krik? Krak!
Edwidge Danticat,The Farming of Bones
Eliot Asinof,Man on Spikes
Elisabeth Hyde,Her Native Colors
Elisabeth Hyde,Monoosook Valley
Elise Juska,Getting Over Jack Wagner
Elizabeth Arthur,Antarctic navigation : a novel
Elizabeth Berg,Range of Motion
Elizabeth Cunningham,The Return of the Goddess : a divine comedy
Elizabeth David,An Omelette and a Glass of Wine
Ellen Buchman Ewald,Recipes for a small planet; the art and science of high protein vegetarian cookery
Elliot Perlman,Seven Types of Ambiguity
Elmore Leonard,Be Cool
Elmore Leonard,Cat Chaser
Elmore Leonard,Maximum Bob
Elmore Leonard,Pagan Babies
Elmore Leonard,Road Dogs
Elmore Leonard,Rum Punch
Elmore Leonard,The Hunted
Elmore Leonard,Tishomingo Blues
Elsbeth S. Woody,Pottery on the Wheel
Elson Haas,The Detox Diet
Emily Dodi,Cucina leggera : light & healthy recipes from northern Italy
Emmett Grogan,Ringolevio : a life played for keeps
Eoin Colfer,Artemis Fowl
Eoin Colfer,The Eternity Code
Eric Clapton,Eric Clapton - Guitar
Eric Goodman,In Days of Awe
Eric Schlosser,Fast food nation : the dark side of the all-American meal
Ernest Callenbach,Ecotopia
Ernest Callenbach,Ecotopia Emerging
Esther S. Grassian,Information literacy instruction : theory and practice
Evan S. Connell,Notes from a bottle found on the beach at Carmel
Fitness Swimmer,101 Fitness Swimming Secrets
Floyd Stephen Shuttleworth,Non-Flowering Plants
Forrest Carter,The Education of Little Tree
Frances Moore Lappé,Diet for a Small Planet
Francis O'Neill,O'Neill's Music of Ireland
Franco Ferrero,Sea Kayak Navigation
Frank MacEowen,The Celtic way of seeing: meditations on the Irish spirit wheel
Frank Waters,The Book of the Hopi
Fred Darvill,Mountaineering Medicine: (a wilderness medical guide)
Frederic H. Sonnenschmidt,The Professional Chef's Art of Garde Manger
"Frederick Copleston, S.J.",A History of Philosophy
Frederick Forsyth,The Deceiver
Frederick Franck,"The awakened eye : a companion volume to The Zen of seeing : seeing, drawing as meditation"
Frederick Franck,The Zen of Seeing
Friedrick Nietzsche,Basic Writings of Nietzsche
Fyodor Dostoevsky,Crime and Punishment
Fyodor Dostoevsky,The Idiot
Fyodor Dostoevsky,The Karamazov Brothers
Gail Anderson-Dargatz,A Recipe for Bees
Garrsion Keillor,"WLT, A Radio Romance"
Garry Trudeau,Doonesbury's Greatest Hits
Gary Davis,The sound reinforcement handbook
Gary Meisner,Instant Scale and Chord Guide for Keyboards
Gary Snyder,Axe Handles: poems by Gary Snyder
Gary Snyder,The Practice of the Wild
Gary Snyder,Regarding Wave
Gary Snyder,The Back Country
Gary Snyder,Turtle Island
George Crile,Charlie Wilson's War
George Petrides,"A field guide to trees and shrubs : field marks of all trees, shrubs, and woody vines that grow wild in the northeastern and north-central United States and in southeastern and south-central Canada"
George Petrides,The Fifth Discipline : the art and practice of the learning organization
Gia-fu Feng,Tao Te Ching
Gilbert Shelton,Freak Brothers Issue 4
Ginny Callan,Horn of the Moon Cookbook
Gino Sky,Coyote Silk
Glenn Day,Simply Shrimp
Gloria Naylor,Bailey's Café
Gloria Naylor,Linden Hills
Gloria Naylor,Mama Day
Gloria Naylor,The Women of Brewster Place
Goldberry Long,Juniper Tree Burning : a novel
Gordon Parks,Voices in the Mirror : an autobiography
Gorham Kindem,The moving image : production principles and practices
Graeme Base,Animalia
Graeme Base,The Discovery of Dragons
Graeme Base,The Eleventh hour
Graeme Base,My Grandma Lived in Gooligulch
Graeme Base,Jabberwocky
Graeme Base,The Sign of the Seahorse
Graeme Base,The Worst Band in the Universe
Greg Garrett,Free Bird
Gwen Diehn,"Simple printmaking : a beginner's guide to making relief prints with linoleum blocks, wood blocks, rubber stamps, found objects & more"
Günter Grass,The Flounder
H.A. VanderCook,Expression in Music
Haare Williams,Te Ao mārama : contemporary Maori writing. volume 3
Hal Leonard Corporation,Incredible Chord Finder : a complete guide to over 1116 guitar chords
Hal Leonard Corporation,Irish Favorites
Hank Harrison,The Dead
Hank Harrison,The Dead Book
Hannah Hinchman,A Life in Hand : creating the illuminated journal.
Hannah Hinchman,A trail through leaves : the journal as a path to place
Harold McGee,On Food and Cooking: the Science and Lore of the Kitchen
Harry F. Olson,"Music, Physics, and Engineering"
Heather Cheney,Rock n Roll Comics Grateful Dead Issue 46
Heather Cheney,Rock n Roll Comics Grateful Dead Issue 45
Helen Campbell,Turnip Blues
Helen DeWitt,The Last Samurai
Helene Tursten,Detective Inspector Huss
Helene Tursten,Mutuwhenua
Henning Mankell,The White Lioness
Henry David Thoreau,Walden
Henry David Thoreau,A Week on the Concord and Merrimack Rivers
Hermann Hesse,Demian
Hermann Hesse,Siddhartha
Holly George-Warren,"Neil Young, the Rolling Stone Files"
Home Depot,"Home Depot Annual, Perennial, and Groundcover Guide"
Home Depot,Home Depot : plant guide for home landscaping
Home Depot,Home Depot Outdoor Projects 1-2-3
Home Depot,Wood Floors 1-2-3
Howard R. Wallach,50 classical guitar solos in tablature
Hugh E. Williams,Web Database Applications with PHP & MySQL
Hunter S. Thompson,Fear and Loathing in Las Vegas: a savage journey to the heart of the American dream
Hunter S. Thompson,Fear and loathing : on the campaign trail '72
Hunter S. Thompson,The Great shark hunt : Strange tales from a strange time
Hunter S. Thompson,Hell's Angels : a strange and terrible saga
Irma S. Rombauer,Joy of Cooking
Irvin D. Yalom,When Nietzsche Wept
Isabel Allende,Eva Luna
Isabel Allende,The Stories of Eva Luna
Isabel Allende,The Infinite Plan : a novel
Ivan Doig,The sea runners
Izaak Walton,The Compleat Angler
J Tom Burgess,"Knots, ties and splices : a handbook for seafarers, travellers and all who use cordage, with special notes "
J. R. H. Andrews,"The southern ark : zoological discovery in New Zealand, 1769-1900"
J. Robert Lennon,The Funnies
J.D. Salinger,The Catcher in the Rye
J.D. Salinger,Nine Stories
J.J. Henderson,Mumbo Jumbo
J.J. Henderson,Murder on Naked Beach
J.K. Rowling,Harry Potter and the Chamber of Secrets
J.K. Rowling,Harry Potter and the Order of the Phoenix
J.K. Rowling,Harry Potter and the Sorcerer's Stone
J.K. Rowling,The Prisoner of Azkaban
Jabari Asim,"The N Word : who can say it, who shouldn't, and why"
Jack Hodgins,The Macken Charm : a novel
Jack Kerouac,Book of Dreams
Jack Kerouac,The Island Within
Jack Kerouac,Mexico city blues : (242 choruses)
Jack Kerouac,On the Road
Jack Kerouac,Satori in Paris
Jack Kerouac,Some of the Dharma
Jack Kerouac,The Subterraneans
Jack Kerouac,Tristessa
Jack Kerouac,Vanity of Duluoz
Jack Kerouac,Visions of Cody
Jacqueline Grennon Brooks,The Case for Constructivist Classrooms : in search of understanding
James Beard,Beard on Bread
James Crumley,The Last Good Kiss : a novel
James Ellroy,White Jazz : a novel
James Ensor,The Superhuman Crew
James H. McMillan,Educational Research : fundamentals for the consumer
James Kelman,"How Late It Was, How Late"
James Lee Burke,Jolie Blon's Bounce : a novel
James Lee Burke,Purple Cane Road
James Major,Mandolin Chord Book
James McBride,The Color of Water
James Patterson,Beach Road
James Patterson,Cross Country
James Patterson,Cross Fire
James Patterson,The Postcard Killers : a novel
James Patterson,Private Games
James Patterson,The 8th Confession
James Patterson,Tick Tock
Jan Kerouac,Baby Driver
Jana Fayne Kolpen,"The Secrets of Pistoulet : a Fable of Food, Magic, & Love"
Jane Coleman Helmer,Complete Guide to House Plants
Jane English,Tao Te Ching
Jane McGonigal,Reality is broken : why games make us better and how they can change the world
Jane Rule,The Young in One Another's Arms
Jane S. Smith,Fool's gold : a novel
Jane Urquhart,The Underpainter
Jaroslav Pelikan,The World treasury of modern religious thought
Jean Hewitt,The New York Times New Natural Foods Cookbook
Jean Smith,365 Zen
Jean Vaysse,Toward awakening : an approach to the teaching left by Gurdjieff
Jean Zallinger,Botany
Jean-Paul Sartre,The Age of Reason
Jeff Shapiro,Renato's Luck
Jeff Smith,"The Frugal Gourmet Cooks Three Ancient Cuisines : China, Greece, Rome"
Jen Sincero,Don't Sleep with Your Drummer
Jennifer Egan,The Invisible Circus
Jerry Coker,Improvising Jazz
Jerry Garcia,"Grateful Dead : Authentic Guitar Classics, Vol. 2"
Jerry Garcia,Harrington Street
Jerry Garcia,The Grateful Dead Movie
Jessica Maxwell,Femme d'adventure : travel tales from Inner Montana to Outer Mongolia
Jiawei Han,Data mining : concepts and techniques
Jill Ker Conway,The Road to Coorain
Jill Ker Conway,The Road from Coorain
Jim Carroll,Living at the Movies
Jim Dodge,Not Fade Away
Jim Dodge,Stone junction : an alchemical potboiler
Jim DuFresne,Tramping in New Zealand
Jim Harrison,A Good day to Die : a novel
Jim Harrison,Farmer
Jim Harrison,Julip
Jim Harrison,Legends of the Fall
Jim Harrison,The Raw and the Cooked
Jim Harrison,Returning to Earth
Jim Harrison,Sundog
Jim Harrison,The Road Home
Jim Harrison,The Beast God Forgot to Invent
Jim Harrison,Warlock: A Novel
Jim Harrison,Wolf
Jim Webb,Fields of Fire
Jimella Lucas,The Ark Restaurant Cookbook : Cuisine of the Pacific Northwest 
Jimmy McDonough,Shakey : Neil Young's biography
Jingxiong Wu,Tao Te Ching
Jo-Ann Mapson,Shadow Ranch : a novel
Joanna Rose,Coastliners : a novel
Joanna Rose,Little Miss Strange
Joanne Harris,Chocolat : a novel
Joanne Harris,Holy Fools
Jodi Picoult,Songs of the humpback whale : a novel in five voices
Joe Coomer,Beachcombing for a Shipwrecked God
John Barth,The Last Voyage of Somebody the Sailor
John Barth,The Tidewater tales : a novel
John Brimhall,The Best of the Best of Brimhall Jazz Standards
John Burdett,Bangkok 8
John Burdett,Bangkok Tattoo
John Casey,The Half-life of Happiness
John Clellon Holmes,Get Home Free
John Clellon Holmes,The Horn
John Crowley,Aegypt
John Crowley,Love & Sleep
John Dufresne,Louisiana Power & Light
John G. Neihardt,Black Elk Speaks
John Hanson Mitchell,Ceremonial time : fifteen thousand years on one square mile
John Hanson Mitchell,Living at the End of Time
John Kennedy Toole,A Confederacy of Dunces
John Kennedy Toole,The Neon Bible
John Klemmer,The Jazz Styles of John Klemmer
John Lescroart,Hard Evidence
John Lewis,Walking with the wind : a memoir of the movement
John Lust,The Herb Book
John McPhee,Encounters with the Archdruid
John McPhee,Giving Good Weight
John McPhee,Irons in the Fire
John McPhee,La Place de la Concorde Suisse
John McPhee,Looking for a Ship
John McPhee,The Pine Barrens
John McPhee,The Control of Nature
John Robbins,Diet for a New America
John Steinbeck,Cannery Row
John Steinbeck,The Log From the Sea of Cortez
John Steinbeck,Sweet Thursday
John Steinbeck,Travels with Charley : in search of America
John Steinbeck,Travels With Charley : in search of America
John Steinbeck,The Winter of Our Discontent
John Stephenson,Teaching & learning online : pedagogies for new technologies
John Straley,The Woman Who Married a Bear
John Thorne,Serious pig : an American cook in search of his roots
John W. Scott,DeadBase X : the complete guide to Grateful Dead song lists
John Watkinson,The Art of Digital Video
John Wiessinger,"Flowers, ferns, and fungi-right before your eyes"
Jon Hassler,Rookery Blues
Jonathan Cott,Dylan
Jonathan Raban,Passage to Juneau
Joni Rodgers,Crazy for Trying ; a novel
Jorge Amado,The War of the Saints
Joseph Campbell,The inner reaches of outer space : metaphor as myth and as religion
Joseph Conrad,Heart of Darkness and The Secret Sharer
Joseph Heller,Catch 22
Joseph Sheban,The Wisdom of Gibran
Joshua Piven,The worst-case scenario survival handbook : dating & sex
Josquin Des Pres,Guitar Fitness : an exercising handbook
Jostein Gaarder,Maya
Jostein Gaarder,Sophie's world : a novel about the history of philosophy
Judy Fong Bates,Midnight at the Dragon Café
Judy Jewell,Oregon
Julee Rosso,The Silver Palate Cookbook
Julee Rosso,The Silver Palate good times cookbook
Julia Alvarez,In the Time of the Butterflies
Jun'ichirō Tanizaki,"A Cat, a Man, and Two Women : stories"
Kahlil Gibrán,The Prophet
Kahlil Gibrán,The Wisdom of Gibran
Karen Betteridge,Nature's Foods
Karen C. Knox,"Implementing Technology Solutions in Libraries : Techniques, Tools, and Tips from the Trenches"
Karl Marlantes,Matterhorn : a novel of the Vietnam War
Kate Atkinson,Case histories
Kate Atkinson,Emotionally Weird
Kate Atkinson,In the Drink
Katherine Neville,A Calculated Risk
Kathleen Tyau,A Little Too Much is Enough
Kathleen Tyau,A Philosophical Investigation
Kathryn Stern,Another Song About the King
Kathryn Thompson,Close your eyes and think of Dublin : portrait of a girl
Kazuko Masui,French Cheese
Kazuko Masui,French Cheeses
Kazuo Ishiguro,The Remains of the Day
Keith Jack,Video demystified : a handbook for the digital engineer
Ken Follett,Night Over Water
Ken Kesey,Demon Box
Ken Kesey,One Flew Over the Cuckoo's Nest
Ken Kesey,Sailor Song
Ken Kesey,Sometimes a Great Notion
Kenneth Brower,The Starship and the Canoe
Kenneth Patchen,The Journal of Albion Moonlight
Kenneth Ring,Heading toward omega : in search of the meaning of the near-death experience
Kent Anderson,Sympathy for the Devil
Keri Hulme,The Bone People : a Novel
Keri Hulme,The Windeater
Kerstin Ekman,Blackwater
Kevin Desouza,Knowledge Management: An Introduction
Kiana Davenport,Shark Dialogues
Kiran Desai,Hullabaloo in the Guava Orchard
Kit Knight,The Beat Vision
Krystyna Pomorska,Fifty Years of Russian Prose
Krystyna Pomorska,Fifty Years of Russian Prose v.2
Kurt Vonnegut,Cat's Cradle
Kurt Vonnegut,Deadeye Dick : a novel
Kurt Vonnegut,Galápagos : a novel
Kurt Vonnegut,"God bless you, Mr. Rosewater"
Kurt Vonnegut,"Slaughterhouse-five, or, The children's crusade : a duty dance with death"
Kwadwo Agymah Kamau,Flickering Shadows
Ladies' Union Circle,From the Galleys of Nantucket
Larry Brown,Fay: a novel
Larry Rockoff,The Language of SQL
Laura Pedersen,Beginner's Luck
Laurel Robertson,Laurel's kitchen : a handbook for vegetarian cookery & nutrition
Laurence G. Boldt,How to Find the Work You Love
Lawrence Lee,Jack's Book : an Oral Biography of Jack Kerouac
Lawrence Millman,Our like will not be there again : notes from the west of Ireland
Lawrence Norfolk,Lemprière's Dictionary
Lee Child,Bad Luck and Trouble
Lee Child,Gone Tomorrow
Lee Child,The Hard Way
Leigh Riker,Strapless
Lemony Snicket,A box of unfortunate events : the situation worsens
Leo Tolstoy,Anna Karenina. Book 1
Leo Tolstoy,Anna Karenina. Book 2
Leo Tolstoy,Childhood Adolescence Youth
Leo Tolstoy,The Death of Ivan Lynch and Other Stories
Leo Tolstoy,The Portable Tolstoy
Leonardo Maugeri,The Age of Oil : What They Don't Want You to Know About the World's Most Controversial Resource
Lester Bangs,"Mainlines, blood feasts and bad taste : a Lester Bangs reader"
Lewis Carroll,Alice in Wonderland and Through the Looking Glass
Lewis Porter,John Coltrane : his life and music
Lillian Breslow Rubin,Worlds of Pain : Life in the Working-Class Family
Lindsey Davis,One Virgin Too Many
Lisa Bach,Her fork in the road : women celebrate food and travel
Lois Mai Chan,Cataloging and classification : an introduction
Lorraine Anderson,Sisters of the Earth : women's prose and poetry about nature
Lorraine Anderson,The Sivananda Companion to Yoga
Louisa E. Rhine,PSI what is it?
Louise Erdrich,Tracks : a novel
Louise Rennison,"On the bright side, I'm now the girlfriend of a sex god"
MIT Outing Club,Fundamentals of Rock Climbing
Madeleine L'Engle,A Wrinkle in Time
Madhur Jaffrey,World-of-the-East Vegetarian Cooking
Maeve Binchy,Tara Road
Malcolm Cowley,The Portable Faulkner
Malcolm Gladwell,The Tipping Point: how little things can make a big difference
Manju Shivraj Singh,The Spice Box : Vegetarian Indian Cookbook
Margaret M. Wittenberg,Good Food : the Complete Guide to Eating Well
Marianne Fredriksson,Hanna's Daughters
Marita Conlon-McKenna,The Magdalen
Marjorie Winn Ford,The Deaf Smith Country Cookbook
Mark Bego,Joni Mitchell
Mark Bridges,The Gig Bag Book of Arpeggios for All Guitarists
Mark Bridges,The Gig Bag Book of Scales for All Guitarists
Mark Jacobs,Stone Cowboy : a novel
Mark Jacobson,The KGB Bar Nonfiction Reader
Mark Twain,The Adventures of Huckleberry Finn
Martin A. Lee,"Acid dreams : the CIA, LSD, and the sixties rebellion"
Martin Cruz Smith,Havana Bay : a novel
Mary Deirdre Donovan,The New Professional Chef
Mary Estella,Natural Foods Cookbook: Vegetarian dairy-free cuisine
Mary Monroe,The Upper Room
Mary Oliver,American Primitive : poems
Maryse Condé,Crossing the Mangrove
Maryse Condé,Tree of Life
Matteo Carcassi,Carcassi - 25 melodic and progressive studies for guitar
Max Allan Collins,Angels in Black
Max McCalman,Cheese : a connoisseur's guide to the world's best
Maxine Hong Kingston,Tripmaster Monkey
Maxwell Eden,Kiteworks : explorations in kite building & flying
Maya Angelou,Singin' and swingin' and gettin' merry like Christmas 
Meg Cabot,Boy Meets Girl
Mel Bay,Guitar Chord Chart
"Merriam-Webster, Inc.",Merriam-Webster's Pocket Dictionary
Merrill Gilfillan,Burnt House to Paw Paw : Appalachian notes
Michael Connelly,The Closers
Michael Connelly,The Lincoln Lawyer : a novel
Michael Connelly,The Scarecrow : a novel
Michael Crichton,Eaters of the Dead
Michael Dibdin,Dead Lagoon : an Aurelio Zen mystery
Michael Dorris,A yellow raft in blue water
Michael G. Moore,Contemporary Issues in American Distance Education
Michael Kernan,The Lost Diaries of Frans Hals : a novel
Michael Ondaatje,The English Patient : a novel
Michael Palin,Hemingway's Chair
Michael Scott,The sorceress ; the secrets of the immortal Nicholas Flamel : Book three
Michael Talbot,The Holographic Universe
Michio Kushi,The Book of Macrobiotics
Mick Goodrick,The Advancing Guitarist
Mickey Hart,Planet Drum
Mickey Spillane,"I, the Jury, My Gun is Quick, Vengeance is Mine"
Mickey Spillane,The Mike Hammer Collection
Mike D'Orso,Walking with the wind : a memoir of the movement
Miklos Udvardy,National Audubon Society field guide to North American birds. Western region
Mil Millington,Things my girlfriend and I have argued about : a novel
Miles Davis,Miles: the autobiography
Miles Krassen,O'Neill's Music of Ireland
Mollie Katzen,The Moosewood Cookbook : Recipes from Moosewood Restaurant
Mollie Katzen,The Enchanted Broccoli Forest and Other Timeless Delicacies
Molly Gloss,Wild Life
Moosewood Collective,Moosewood Restaurant Book of Desserts
Moosewood Collective,New Recipes from Moosewood Restaurant
Moosewood Collective,Sundays at Moosewood Restaurant
Mort Rosenblum,Olives
Muriel Sweet,Common Edible and Useful Plants of the West
Muriel Wylie Blanchet,The curve of time : the classic memoir of a woman and her children who explored the coastal waters of the Pacific Northwest
Naomi Lazard,The Essential Teachings of Zen Master Hakuin
Neal Cassady,The first third & other writings
Neal Stephenson,Cryptonomicon
Nel King,Beneath the underdog: his world as composed by Mingus
Nic Harcourt,"Music lust : recommended listening for every mood, moment, and reason"
Niccolò Tucci,The Sun and the Moon
Nicholas Mosley,The Hesperides Tree
Nicholas Rinaldi,The Jukebox Queen of Malta
Nick Bantock,The Forgetting Room
Nick Bantock,Griffin & Sabine : an extraordinary correspondence
Nick Hornby,"Juliet, Naked"
Nick Hornby,Songbook
Nikki Goldbeck,American wholefoods cuisine : 1300 meatless wholesome recipes from short order to gourmet
Nikolai Vasilevich Gogol,Dead Souls
Norman Rush,Mating
Norman Waddell,The Essential Teachings of Zen Master Hakuin
Ntozake Shange,"Sassafrass, Cypress & Indigo : a novel"
O.U. Levon,Caverns : a novel
Oasis Project,Connections Technology Training
Octavia E. Butler,Parable of the Talents
Okakura Kakuzō,The Book of Tea
Old New England,Old New England Cookbook
Olive Ann Burns,Cold Sassy Tree
Ossian Publications,"The Irish pub songbook : 36 of the very best Irish pubsongs : with complete words, music and guitar chords"
Ottmar Liebert,Nouveau Flamenco
Otto Werner,The Origin and Development of Jazz
P. D. James,An Unsuitable Job for a Woman
P. Statford,The Portable Graham Greene
P.J. O'Rourke,Parliament of Whores
Pablo Neruda,"Full Woman, Fleshy Apple, Hot Moon: Selected Poems of Pablo Neruda"
Parker J. Palmer,The Courage to Teach : exploring the inner landscape of a teacher's life
Patricia Cornwell,Isle of Dogs
Patricia Grace,Baby No-Eyes
Patricia Grace,Cousins
Patricia Henley,Hummingbird House
Patricia Schechter,"Remembering the power of words: the life of an Oregon activist, legislator, and community leader"
Patrick Haskell,The Cheese Book
Patrick Humphries,Richard Thompson : the biography
Patrick McManus,The Grasshopper Trap
Paul Auster,The book of illusions : a novel
Paul Bowles,The Sheltering Sky
Paul Jordan-Smith,I become part of it : sacred dimensions in native American life
Paul Reps,"Zen flesh, Zen bones"
Paul W. Bosland,Peppers of the world : an identification guide
Paulette Jiles,Enemy Women
Paulo Coelho,The Alchemist : a story about following your dream
Pavel Kohout,I Am Snowing : the confessions of a woman of Prague
Pearl Luke,Burning Ground
Per Amann,Vincent van Gogh
Pete McCarthy,McCarthy's Bar : a journey of discovery in Ireland
Peter Adamson,The Tuscan Master
Peter Beilenson,Haiku Harvest
Peter Carey,Illywhacker
Peter Davies,The American Heritage dictionary of the English language
Peter Deadman,Nature's Foods
Peter Gadol,The Mystery Roast
Peter Høeg,Borderliners
Peter Høeg,Miss Smilla's feeling for snow
Peter Høeg,Tales of the Night
Peter Høeg,The History of Danish Dreams
Peter Mark Roget,Roget's thesaurus of synonyms and antonyms
Peter Matthiessen,Nine Headed Dragon River
Peter Mayle,Hotel Pastis : a novel of Provence 
Peter Powers,"Touring the Islands : bicycling in the San Juan, Gulf, and Vancouver Islands"
Phil Baguley,Teach Yourself Project Management
Phil Lesh,Searching for the Sound
Philip J. Pratt,A Guide to SQL
Philip Kapleau,"The three pillars of Zen: teaching, practice, and enlightenment"
Phillip Wayne Allen,Sprouting for health in the 90s : build your immune system and detox your body
Poppy Z. Brite,Liquor : a novel
Quincy Troupe,Miles: the autobiography
Rachel Biheller Bunin,Microsoft Project 2010 : Introductory
Rachel Cusk,The Country Life
Ralph Helfer,Modoc: the true story of the greatest elephant that ever lived
Ralph Steadman,The Grapes of Ralph
Rand McNally,Road Atlas & Trip Planner
Randy Wayne White,The Heat Islands
Rebecca Theurer Wood,Whole Foods Guide for Employees of Natural Food Stores
Relix Magazine,Relix Vol. 16 No. 1
Relix Magazine,Relix Vol. 16 No. 2
Relix Magazine,Relix Vol. 16 No. 4
Relix Magazine,Relix Vol. 16 No. 6
Rex Pickett,Sideways
Rich Carter,Jazz Guitar Masterpieces
Richard Adams,Watership Down
Richard Bach,Illusions : the adventures of a reluctant Messiah
Richard Bach,One: a novel
Richard Brautigan,"Trout fishing in America, the Pill versus the Springhill mine disasterk, and In watermelon sugar"
Richard Dawkins,The God Delusion
Richard E. Mayer,Cambridge Handbook of Multimedia Learning
Richard Flanagan,The Sound of One Hand Clapping
Richard Kluger,The Sheriff of Nottingham
Richard Monaco,"Parsival, or a Knight's Tale"
Richard Nelson,The Island Within
Richard Powers,The Gold Bug Variations
Richard Spellenberg,The Audubon Society field guide to North American wildflowers : western region
Richard Sterling,"The fire never dies : one man's raucous romp down the road of food, passion, and adventure"
Rita Dove,Through the Ivory Gate
Rob Van der Plas,The bicycle repair book : the complete manual of bicycle care
Robert B. Parker,Split Image
Robert Boswell,Mystery Ride : a novel
Robert C. Solomon,From rationalism to existentialism : the existentialists and their nineteenth-century backgrounds
Robert Crais,The Last Detective
Robert Dessaix,Night Letters
Robert Kay,Fiji : a travel survival kit
Robert Linssen,Living Zen
Robert Ludlum,The Bourne Identity
Robert Ludlum,The Bourne Supremacy
Robert M. Gagné,Instructional Technology : Foundations
Robert M. Gagné,Learner's Guide to Accompany Principles of Instructional Design
Robert M. Gagné,Principles of Instructional Design
Robert McLiam Wilson,Eureka Street : a novel of Ireland like no other
Robert Michael Pyle,Wintergreen: rambles in a ravaged land
Robert Olen Butler,Sun Dogs : a novel
Robert Olen Butler,The Deuce : a novel
Robertson Davies,What's bred in the bone
Roddy Doyle,The Barrytown Trilogy
Roddy Doyle,The Woman Who Walked into Doors
Rolling Stone,Rolling Stone: 1000th Issue
Rolling Stone,The Rolling Stone Interviews
Rolling Stone,Rolling Stone: Jerry Garcia Issue 1
Rolling Stone,Rolling Stone: Jerry Garcia Issue 2
Rolling Stone,Rolling Stone: Jerry Garcia Issue 3
Rollo May,The Courage to Create
Ron Hansen,Mariette in Ecstasy
Ronny Lee,"Jazz Guitarist, Volume 2"
Rosario Ferré,The House on the Lagoon
Rotraud Michael-Degner,The Cheeses of Italy
Royal Robbins,Basic Rockcraft
Rudolfo Anaya,Zia Summer
Russell Banks,Continental Drift
Ruth Reichl,Comfort me with apples : more adventures at the table
Ruth Reichl,Tender at the Bone
Ruth Rendell,The Rottweiler
Ruth Winter,A consumer's dictionary of food additives
S. E. Hinton,"That was then, this is now"
S. E. Hinton,The Outsiders
Sal Salvador,Ultimate Scales & Modes for Guitar
Salma Samar Damluji,The Sultan Qaboos Grand Mosque
Samuel Beckett,En Attendant Godot
Samuel Chamberlain,Clémentine in the Kitchen
Samuel Fromartz,"Organic, inc. : natural foods and how they grew"
Sandra Benitez,Bitter Grounds
Sara Midda,In and Out of the Garden
Sarah Bird,The Mommy Club : a novel
Sarah Graves,Repair to Her Grave
Saul Bellow,The Dean's December
Saul Bellow,"Henderson, the Rain King"
Schuyler Ingle,Vintage Pellegrini : the collected wisdom of an American buongustaio : writings
Scott Meyer,Deadhead Forever : Property of Haze
Scott Simon,Pretty Birds
Seamus Heaney,"Selected poems, 1966-1987"
Sebastian Faulks,On Green Dolphin Street : a novel
Sharon Pape,Sketch me if you can
Sharon Tyler Herbst,The New Food Lover's Companion
Sheila Lukins,The Silver Palate Cookbook
Sheila Lukins,The Silver Palate good times cookbook
Shel Silverstein,Different Dances
Shuntō Aoyama,Zen seeds : reflections of a female priest
"Somerville, E. Œ.",The Irish R.M.
Sonja Maria Dahl,Too Many Tears
Stanley Karnow,Vietnam : a history
Stephen Coonts,The Intruders
Stephen Dobyns,Saratoga Haunting
Stephen Hunt,The kingdom beyond the waves
Stephen Mitchell,"Full Woman, Fleshy Apple, Hot Moon: Selected Poems of Pablo Neruda"
Stephen Myhre,Bone carving : a skillbase of techniques and concepts
Steve Hall,Guitar Chord Encyclopedia
Steven Jenkins,Cheese Primer
Steven Johnson,Mind wide open : your brain and the neuroscience of everyday life
Steven Nightingale,The Lost Coast
Steven Rinella,The Scavenger's Guide to Haute Cuisine
Stieg Larsson,The Girl Who Played with Fire
Stieg Larsson,The Girl with the Dragon Tattoo
Stuart Woods,Chiefs
Stuart Woods,Dead in the Water
Stuart Woods,Hot Mahogany
Stuart Woods,Lucid Intervals
Stuart Woods,Orchard Beach
Sue William Silverman,Love sick : one woman's journey through sexual addiction
Sune Engelbrektson,"Stars, Planets, and Galaxies"
Sunetra Gupta,Memories of Rain
Susan Fox Rogers,Two in the Wild
Susan Orlean,The Orchid Thief
Susan Straight,I Been in Sorrow's Kitchen and Licked Out All the Pots
Susanna Moore,The Whiteness of Bones : a novel
Swain Wolfe,The Woman Who Lives in the Earth
Sylvan Barnet,"An introduction to literature : fiction, poetry, drama"
T Coraghessan Boyle,Budding Prospects
T Coraghessan Boyle,Greasy Lake & other stories
T Coraghessan Boyle,The Tortilla Curtain
T Coraghessan Boyle,Water Music: a novel
T Coraghessan Boyle,World's End : a novel
T. Jeff Williams,Basic Wiring Techniques
T.A. Layton,Cheese and Cheese Cookery
T.S. Eliot,Old Possum's Book of Practical Cats
T.S. Eliot,Selected Poems
Tananarive Due,The good house : a novel
Ted Greene,Jazz guitar single note soloing. Vol. 1
Ted Greene,Modern Chord Progressions
Ted Ringer,"Get Outta Town : a Tale of the Grateful Dead, the IRS, and Coffee"
Terry Farish,A House in Earnest : a novel
Terry McMillan,How Stella Got Her Groove Back
Thomas Hardy,Tess of the d'Urbervilles
Thomas King,"Green Grass, Running Water"
Thomas M. Connolly,"Database Systems: a practical approach to design, implementation, and management"
Thomas McGuane,Keep the Change
Thomas McGuane,Panama
Thomas Pynchon,Gravity's Rainbow
Thomas Pynchon,V.
Thomas Sanchez,Mile Zero
Thomas Wharton,Icefields
Thomas Wharton,Salamander
Thích. Nhất Hạnh,Peace is every step : the path of mindfulness in everyday life
Tim Cahill,A Wolverine is Eating My Leg
Tim Dorsey,Atomic Lobster
Tim Dorsey,Florida Roadkill: a novel
Tim Dorsey,Hammerhead Ranch Motel
Tim Folger,"The best American science and nature writing, 2004"
Tim O'Brien,Going After Cacciato : a novel
Tim O'Brien,"If I die in a combat zone, box me up and ship me home"
Tim O'Brien,In the Lake of the Woods
Tim O'Brien,The Things They Carried : a work of fiction
Tim Sandlin,Sex and Sunsets
Tim Sandlin,Western Swing
Time-Life Books,Soups
Tina McElroy Ansa,Baby of the Family
Tina McElroy Ansa,The Hand I Fan With
Tom Manoff,The Music Kit : Rhythm Reader
Tom Manoff,The Music Kit : Workbook
Tom Robbins,Another Roadside Attraction
Tom Robbins,Fierce Invalids Home from Hot Climates
Tom Robbins,Half Asleep in Frog Pajamas
Tom Robbins,Jitterbug Perfume
Tom Robbins,Still life with woodpecker : [a sort of a love story]
Tom Robbins,Villa Incognito
Tom Watts,Rocky Mountain Tree Finder: a pocket manual for identifying Rocky Mountain trees
Tom Wolfe,The electric kool-aid acid test
Toni Morrison,Jazz
Toni Morrison,Song of Solomon
Tony Birks,The Complete Potter's Companion
Tony Glover,Blues harp : an instruction method for playing the blues harmonica
Tony Wheeler,New Zealand : a travel survival kit
Toyoaki Kawai,Creative Origami
Troy Soos,Hunting a Detroit Tiger
Troy Soos,Murder at Wrigley Field
Try-Foods International,The Art of Selecting and Serving Cheese
Twelve Time Systems,Sonar 3
Urban Waite,The Terror of Living
Van Reid,Cordelia Underwood
Victor Hugo,Les Misérables
Victor Sodsook,True Thai : the modern art of Thai cooking
Vijay Hassin,The Modern Yoga Handbook
Vijay Hassin,Step by Step to Organic Vegetable Growing
Vikram Chandra,Red earth and pouring rain : a novel
Vincent Kohler,Banjo Boy
Vivienne Marquis,The Cheese Book
Voltaire,Candide
W. P. Kinsella,"Red Wolf, Red Wolf"
Walt Wheelock,"Ropes, Knots & Slings for Climbers"
Walter Mosley,Fearless Jones : a novel
Walter W. Wager,Learner's Guide to Accompany Principles of Instructional Design
Wayne Johnson,Don't think twice : a novel
Wayne Johnston,The Colony of Unrequited Dreams
Wendy Esko,The Changing Seasons Macrobiotic Cookbook
Wendy Esko,Macrobiotic Cooking for Everyone
Wendy Holden,Bad Heir Day
William Bay,"Mel Bay's fun with the harmonica : an instruction method for diatonic, chromatic, and blues styling"
William Carpenter,A Keeper of Sheep
William G. Leavitt,A Modern Method for Guitar. vol. 1
William G. Leavitt,A Modern Method for Guitar. vol. 2
William G. Leavitt,Reading studies for guitar : positions one through seven and multi-position studies in all keys
William Glasser,The Quality School
William S. Burroughs,Junky
William T. Vollmann,The Atlas
William T. Vollmann,Butterfly Stories
William Trevor,Ireland : selected stories
Willis Harman,Higher Creativity
Wing-Tsit Chan,The Way of Lao Tzu
Wisconsin Milk Marketing Board,Wisconsin Cheesecyclopedia
Woody Mann,The Blues Fakebook
Yamaha,Yamaha Song Book
Yann Martel,Life of Pi
Zoe Weil,"Most Good, Least Harm"
Zora Neale Hurston,I love myself when I am laughing : and then again when I am looking mean : a Zora Neale Hurston reader
Zoë Brân,Enduring Cuba
